"interval_name","photic","genus_counts","bin","rank","max_ma","mid_ma","min_ma","duration_myr","abbr","colour","font"
"Aalenian","Euphotic",30,60,"international ages",174.7,172.8,170.9,3.79999999999998,"Aa","#9AD9DD","black"
"Aalenian","Unknown",20,60,"international ages",174.7,172.8,170.9,3.79999999999998,"Aa","#9AD9DD","black"
"Aeronian","Blue mesophotic",8,19,"international ages",440.8,439.65,438.5,2.30000000000001,"Ae","#B3E1C2","black"
"Aeronian","Brown mesophotic",18,19,"international ages",440.8,439.65,438.5,2.30000000000001,"Ae","#B3E1C2","black"
"Aeronian","Euphotic",69,19,"international ages",440.8,439.65,438.5,2.30000000000001,"Ae","#B3E1C2","black"
"Aeronian","Unknown",74,19,"international ages",440.8,439.65,438.5,2.30000000000001,"Ae","#B3E1C2","black"
"Albian","Blue mesophotic",5,72,"international ages",113,106.75,100.5,12.5,"Al","#CCEA97","black"
"Albian","Brown mesophotic",28,72,"international ages",113,106.75,100.5,12.5,"Al","#CCEA97","black"
"Albian","Euphotic",108,72,"international ages",113,106.75,100.5,12.5,"Al","#CCEA97","black"
"Albian","Unknown",50,72,"international ages",113,106.75,100.5,12.5,"Al","#CCEA97","black"
"Anisian","Brown mesophotic",5,51,"international ages",247.2,244.6,242,5.19999999999999,"An","#BC75B7","black"
"Anisian","Euphotic",24,51,"international ages",247.2,244.6,242,5.19999999999999,"An","#BC75B7","black"
"Anisian","Unknown",3,51,"international ages",247.2,244.6,242,5.19999999999999,"An","#BC75B7","black"
"Aptian","Blue mesophotic",21,71,"international ages",121.4,117.2,113,8.40000000000001,"Ap","#BFE48A","black"
"Aptian","Brown mesophotic",73,71,"international ages",121.4,117.2,113,8.40000000000001,"Ap","#BFE48A","black"
"Aptian","Euphotic",138,71,"international ages",121.4,117.2,113,8.40000000000001,"Ap","#BFE48A","black"
"Aptian","Unknown",112,71,"international ages",121.4,117.2,113,8.40000000000001,"Ap","#BFE48A","black"
"Aquitanian","Blue mesophotic",4,88,"international ages",23.03,21.735,20.44,2.59,"Aq","#FFFF33","black"
"Aquitanian","Brown mesophotic",41,88,"international ages",23.03,21.735,20.44,2.59,"Aq","#FFFF33","black"
"Aquitanian","Euphotic",67,88,"international ages",23.03,21.735,20.44,2.59,"Aq","#FFFF33","black"
"Aquitanian","Unknown",75,88,"international ages",23.03,21.735,20.44,2.59,"Aq","#FFFF33","black"
"Artinskian","Euphotic",3,42,"international ages",290.1,286.8,283.5,6.60000000000002,"Ar","#E37B68","black"
"Artinskian","Unknown",20,42,"international ages",290.1,286.8,283.5,6.60000000000002,"Ar","#E37B68","black"
"Asselian","Euphotic",11,40,"international ages",298.9,296.21,293.52,5.38,"As","#E36350","black"
"Asselian","Unknown",15,40,"international ages",298.9,296.21,293.52,5.38,"As","#E36350","black"
"Bajocian","Blue mesophotic",1,61,"international ages",170.9,169.55,168.2,2.70000000000002,"Baj","#A6DDE0","black"
"Bajocian","Brown mesophotic",14,61,"international ages",170.9,169.55,168.2,2.70000000000002,"Baj","#A6DDE0","black"
"Bajocian","Euphotic",46,61,"international ages",170.9,169.55,168.2,2.70000000000002,"Baj","#A6DDE0","black"
"Bajocian","Unknown",21,61,"international ages",170.9,169.55,168.2,2.70000000000002,"Baj","#A6DDE0","black"
"Barremian","Blue mesophotic",6,70,"international ages",125.77,123.585,121.4,4.36999999999999,"Barr","#B3DF7F","black"
"Barremian","Brown mesophotic",20,70,"international ages",125.77,123.585,121.4,4.36999999999999,"Barr","#B3DF7F","black"
"Barremian","Euphotic",103,70,"international ages",125.77,123.585,121.4,4.36999999999999,"Barr","#B3DF7F","black"
"Barremian","Unknown",57,70,"international ages",125.77,123.585,121.4,4.36999999999999,"Barr","#B3DF7F","black"
"Bartonian","Blue mesophotic",4,84,"international ages",41.2,39.455,37.71,3.49,"Bart","#FDC091","black"
"Bartonian","Brown mesophotic",23,84,"international ages",41.2,39.455,37.71,3.49,"Bart","#FDC091","black"
"Bartonian","Euphotic",48,84,"international ages",41.2,39.455,37.71,3.49,"Bart","#FDC091","black"
"Bartonian","Unknown",57,84,"international ages",41.2,39.455,37.71,3.49,"Bart","#FDC091","black"
"Bashkirian","Euphotic",7,36,"international ages",323.2,319.2,315.2,8,"Bas","#99C2B5","black"
"Bashkirian","Unknown",3,36,"international ages",323.2,319.2,315.2,8,"Bas","#99C2B5","black"
"Bathonian","Blue mesophotic",8,62,"international ages",168.2,166.75,165.3,2.89999999999998,"Bat","#B3E2E3","black"
"Bathonian","Brown mesophotic",29,62,"international ages",168.2,166.75,165.3,2.89999999999998,"Bat","#B3E2E3","black"
"Bathonian","Euphotic",72,62,"international ages",168.2,166.75,165.3,2.89999999999998,"Bat","#B3E2E3","black"
"Bathonian","Unknown",40,62,"international ages",168.2,166.75,165.3,2.89999999999998,"Bat","#B3E2E3","black"
"Berriasian","Blue mesophotic",6,67,"international ages",145,142.4,139.8,5.19999999999999,"Be","#8CCD60","black"
"Berriasian","Brown mesophotic",10,67,"international ages",145,142.4,139.8,5.19999999999999,"Be","#8CCD60","black"
"Berriasian","Euphotic",103,67,"international ages",145,142.4,139.8,5.19999999999999,"Be","#8CCD60","black"
"Berriasian","Unknown",17,67,"international ages",145,142.4,139.8,5.19999999999999,"Be","#8CCD60","black"
"Burdigalian","Blue mesophotic",8,89,"international ages",20.44,18.21,15.98,4.46,"Bu","#FFFF41","black"
"Burdigalian","Brown mesophotic",92,89,"international ages",20.44,18.21,15.98,4.46,"Bu","#FFFF41","black"
"Burdigalian","Euphotic",109,89,"international ages",20.44,18.21,15.98,4.46,"Bu","#FFFF41","black"
"Burdigalian","Unknown",79,89,"international ages",20.44,18.21,15.98,4.46,"Bu","#FFFF41","black"
"Callovian","Blue mesophotic",20,63,"international ages",165.3,163.4,161.5,3.80000000000001,"Call","#BFE7E5","black"
"Callovian","Brown mesophotic",18,63,"international ages",165.3,163.4,161.5,3.80000000000001,"Call","#BFE7E5","black"
"Callovian","Euphotic",61,63,"international ages",165.3,163.4,161.5,3.80000000000001,"Call","#BFE7E5","black"
"Callovian","Unknown",27,63,"international ages",165.3,163.4,161.5,3.80000000000001,"Call","#BFE7E5","black"
"Campanian","Blue mesophotic",5,77,"international ages",83.6,77.85,72.1,11.5,"Cam","#E6F47F","black"
"Campanian","Brown mesophotic",39,77,"international ages",83.6,77.85,72.1,11.5,"Cam","#E6F47F","black"
"Campanian","Euphotic",99,77,"international ages",83.6,77.85,72.1,11.5,"Cam","#E6F47F","black"
"Campanian","Unknown",55,77,"international ages",83.6,77.85,72.1,11.5,"Cam","#E6F47F","black"
"Capitanian","Blue mesophotic",3,46,"international ages",264.28,261.895,259.51,4.76999999999998,"Cap","#FB9A85","black"
"Capitanian","Euphotic",8,46,"international ages",264.28,261.895,259.51,4.76999999999998,"Cap","#FB9A85","black"
"Capitanian","Unknown",29,46,"international ages",264.28,261.895,259.51,4.76999999999998,"Cap","#FB9A85","black"
"Carnian","Blue mesophotic",12,53,"international ages",237,232,227,10,"Car","#C99BCB","black"
"Carnian","Brown mesophotic",18,53,"international ages",237,232,227,10,"Car","#C99BCB","black"
"Carnian","Euphotic",58,53,"international ages",237,232,227,10,"Car","#C99BCB","black"
"Carnian","Unknown",26,53,"international ages",237,232,227,10,"Car","#C99BCB","black"
"Cenomanian","Blue mesophotic",14,73,"international ages",100.5,97.2,93.9,6.59999999999999,"Ce","#B3DE53","black"
"Cenomanian","Brown mesophotic",46,73,"international ages",100.5,97.2,93.9,6.59999999999999,"Ce","#B3DE53","black"
"Cenomanian","Euphotic",120,73,"international ages",100.5,97.2,93.9,6.59999999999999,"Ce","#B3DE53","black"
"Cenomanian","Unknown",71,73,"international ages",100.5,97.2,93.9,6.59999999999999,"Ce","#B3DE53","black"
"Changhsingian","Blue mesophotic",6,48,"international ages",254.14,253.021,251.902,2.238,"Chan","#FCC0B2","black"
"Changhsingian","Euphotic",3,48,"international ages",254.14,253.021,251.902,2.238,"Chan","#FCC0B2","black"
"Changhsingian","Unknown",11,48,"international ages",254.14,253.021,251.902,2.238,"Chan","#FCC0B2","black"
"Chattian","Blue mesophotic",2,87,"international ages",27.82,25.425,23.03,4.79,"Chat","#FEE6AA","black"
"Chattian","Brown mesophotic",53,87,"international ages",27.82,25.425,23.03,4.79,"Chat","#FEE6AA","black"
"Chattian","Euphotic",112,87,"international ages",27.82,25.425,23.03,4.79,"Chat","#FEE6AA","black"
"Chattian","Unknown",44,87,"international ages",27.82,25.425,23.03,4.79,"Chat","#FEE6AA","black"
"Coniacian","Blue mesophotic",3,75,"international ages",89.8,88.05,86.3,3.5,"Co","#CCE968","black"
"Coniacian","Brown mesophotic",2,75,"international ages",89.8,88.05,86.3,3.5,"Co","#CCE968","black"
"Coniacian","Euphotic",35,75,"international ages",89.8,88.05,86.3,3.5,"Co","#CCE968","black"
"Coniacian","Unknown",19,75,"international ages",89.8,88.05,86.3,3.5,"Co","#CCE968","black"
"Danian","Blue mesophotic",4,79,"international ages",66,63.8,61.6,4.4,"Dan","#FDB462","black"
"Danian","Brown mesophotic",17,79,"international ages",66,63.8,61.6,4.4,"Dan","#FDB462","black"
"Danian","Euphotic",47,79,"international ages",66,63.8,61.6,4.4,"Dan","#FDB462","black"
"Danian","Unknown",46,79,"international ages",66,63.8,61.6,4.4,"Dan","#FDB462","black"
"Dapingian","Blue mesophotic",1,13,"international ages",470,468.65,467.3,2.69999999999999,"Dap","#66C092","black"
"Dapingian","Euphotic",3,13,"international ages",470,468.65,467.3,2.69999999999999,"Dap","#66C092","black"
"Dapingian","Unknown",4,13,"international ages",470,468.65,467.3,2.69999999999999,"Dap","#66C092","black"
"Darriwilian","Blue mesophotic",2,14,"international ages",467.3,462.85,458.4,8.90000000000003,"Dar","#74C69C","black"
"Darriwilian","Brown mesophotic",1,14,"international ages",467.3,462.85,458.4,8.90000000000003,"Dar","#74C69C","black"
"Darriwilian","Euphotic",3,14,"international ages",467.3,462.85,458.4,8.90000000000003,"Dar","#74C69C","black"
"Darriwilian","Unknown",12,14,"international ages",467.3,462.85,458.4,8.90000000000003,"Dar","#74C69C","black"
"Eifelian","Blue mesophotic",30,29,"international ages",393.3,390.5,387.7,5.60000000000002,"Ei","#F1D576","black"
"Eifelian","Brown mesophotic",24,29,"international ages",393.3,390.5,387.7,5.60000000000002,"Ei","#F1D576","black"
"Eifelian","Euphotic",106,29,"international ages",393.3,390.5,387.7,5.60000000000002,"Ei","#F1D576","black"
"Eifelian","Unknown",73,29,"international ages",393.3,390.5,387.7,5.60000000000002,"Ei","#F1D576","black"
"Emsian","Blue mesophotic",22,28,"international ages",407.6,400.45,393.3,14.3,"Em","#E5D075","black"
"Emsian","Brown mesophotic",21,28,"international ages",407.6,400.45,393.3,14.3,"Em","#E5D075","black"
"Emsian","Euphotic",96,28,"international ages",407.6,400.45,393.3,14.3,"Em","#E5D075","black"
"Emsian","Unknown",112,28,"international ages",407.6,400.45,393.3,14.3,"Em","#E5D075","black"
"Famennian","Brown mesophotic",3,32,"international ages",372.2,365.55,358.9,13.3,"Fa","#F2EDC5","black"
"Famennian","Euphotic",16,32,"international ages",372.2,365.55,358.9,13.3,"Fa","#F2EDC5","black"
"Famennian","Unknown",25,32,"international ages",372.2,365.55,358.9,13.3,"Fa","#F2EDC5","black"
"Floian","Euphotic",3,12,"international ages",477.7,473.85,470,7.69999999999999,"Fl","#41B087","black"
"Floian","Unknown",4,12,"international ages",477.7,473.85,470,7.69999999999999,"Fl","#41B087","black"
"Frasnian","Blue mesophotic",20,31,"international ages",382.7,377.45,372.2,10.5,"Fr","#F2EDAD","black"
"Frasnian","Brown mesophotic",20,31,"international ages",382.7,377.45,372.2,10.5,"Fr","#F2EDAD","black"
"Frasnian","Euphotic",87,31,"international ages",382.7,377.45,372.2,10.5,"Fr","#F2EDAD","black"
"Frasnian","Unknown",43,31,"international ages",382.7,377.45,372.2,10.5,"Fr","#F2EDAD","black"
"Givetian","Blue mesophotic",23,30,"international ages",387.7,385.2,382.7,5,"Gi","#F1E185","black"
"Givetian","Brown mesophotic",61,30,"international ages",387.7,385.2,382.7,5,"Gi","#F1E185","black"
"Givetian","Euphotic",129,30,"international ages",387.7,385.2,382.7,5,"Gi","#F1E185","black"
"Givetian","Unknown",93,30,"international ages",387.7,385.2,382.7,5,"Gi","#F1E185","black"
"Gorstian","Blue mesophotic",8,23,"international ages",427.4,426.5,425.6,1.79999999999995,"Go","#CCECDD","black"
"Gorstian","Brown mesophotic",4,23,"international ages",427.4,426.5,425.6,1.79999999999995,"Go","#CCECDD","black"
"Gorstian","Euphotic",62,23,"international ages",427.4,426.5,425.6,1.79999999999995,"Go","#CCECDD","black"
"Gorstian","Unknown",70,23,"international ages",427.4,426.5,425.6,1.79999999999995,"Go","#CCECDD","black"
"Gzhelian","Euphotic",8,39,"international ages",303.7,301.3,298.9,4.80000000000001,"Gz","#CCD4C7","black"
"Gzhelian","Unknown",5,39,"international ages",303.7,301.3,298.9,4.80000000000001,"Gz","#CCD4C7","black"
"Hauterivian","Brown mesophotic",9,69,"international ages",132.6,129.185,125.77,6.83,"Ha","#A6D975","black"
"Hauterivian","Euphotic",64,69,"international ages",132.6,129.185,125.77,6.83,"Ha","#A6D975","black"
"Hauterivian","Unknown",24,69,"international ages",132.6,129.185,125.77,6.83,"Ha","#A6D975","black"
"Hettangian","Blue mesophotic",1,56,"international ages",201.4,200.45,199.5,1.90000000000001,"He","#4EB3D3","black"
"Hettangian","Brown mesophotic",9,56,"international ages",201.4,200.45,199.5,1.90000000000001,"He","#4EB3D3","black"
"Hettangian","Euphotic",27,56,"international ages",201.4,200.45,199.5,1.90000000000001,"He","#4EB3D3","black"
"Hettangian","Unknown",11,56,"international ages",201.4,200.45,199.5,1.90000000000001,"He","#4EB3D3","black"
"Hirnantian","Blue mesophotic",3,17,"international ages",445.2,444.5,443.8,1.39999999999998,"Hi","#A6DBAB","black"
"Hirnantian","Brown mesophotic",4,17,"international ages",445.2,444.5,443.8,1.39999999999998,"Hi","#A6DBAB","black"
"Hirnantian","Euphotic",44,17,"international ages",445.2,444.5,443.8,1.39999999999998,"Hi","#A6DBAB","black"
"Hirnantian","Unknown",39,17,"international ages",445.2,444.5,443.8,1.39999999999998,"Hi","#A6DBAB","black"
"Holocene","Blue mesophotic",8,97,"international ages",0.0117,0.00585,0,0.0117,"H","#FEF2E0","black"
"Holocene","Brown mesophotic",1,97,"international ages",0.0117,0.00585,0,0.0117,"H","#FEF2E0","black"
"Holocene","Euphotic",76,97,"international ages",0.0117,0.00585,0,0.0117,"H","#FEF2E0","black"
"Holocene","Unknown",31,97,"international ages",0.0117,0.00585,0,0.0117,"H","#FEF2E0","black"
"Homerian","Blue mesophotic",17,22,"international ages",430.5,428.95,427.4,3.10000000000002,"Ho","#CCEBD1","black"
"Homerian","Brown mesophotic",11,22,"international ages",430.5,428.95,427.4,3.10000000000002,"Ho","#CCEBD1","black"
"Homerian","Euphotic",64,22,"international ages",430.5,428.95,427.4,3.10000000000002,"Ho","#CCEBD1","black"
"Homerian","Unknown",94,22,"international ages",430.5,428.95,427.4,3.10000000000002,"Ho","#CCEBD1","black"
"Kasimovian","Euphotic",6,38,"international ages",307,305.35,303.7,3.30000000000001,"Kas","#BFD0C5","black"
"Kasimovian","Unknown",4,38,"international ages",307,305.35,303.7,3.30000000000001,"Kas","#BFD0C5","black"
"Katian","Blue mesophotic",29,16,"international ages",453,449.1,445.2,7.80000000000001,"Kat","#99D69F","black"
"Katian","Brown mesophotic",27,16,"international ages",453,449.1,445.2,7.80000000000001,"Kat","#99D69F","black"
"Katian","Euphotic",92,16,"international ages",453,449.1,445.2,7.80000000000001,"Kat","#99D69F","black"
"Katian","Unknown",77,16,"international ages",453,449.1,445.2,7.80000000000001,"Kat","#99D69F","black"
"Kimmeridgian","Blue mesophotic",9,65,"international ages",154.8,152,149.2,5.60000000000002,"Ki","#CCECF4","black"
"Kimmeridgian","Brown mesophotic",48,65,"international ages",154.8,152,149.2,5.60000000000002,"Ki","#CCECF4","black"
"Kimmeridgian","Euphotic",127,65,"international ages",154.8,152,149.2,5.60000000000002,"Ki","#CCECF4","black"
"Kimmeridgian","Unknown",20,65,"international ages",154.8,152,149.2,5.60000000000002,"Ki","#CCECF4","black"
"Kungurian","Brown mesophotic",1,43,"international ages",283.5,278.255,273.01,10.49,"Ku","#E38776","black"
"Kungurian","Euphotic",27,43,"international ages",283.5,278.255,273.01,10.49,"Ku","#E38776","black"
"Kungurian","Unknown",40,43,"international ages",283.5,278.255,273.01,10.49,"Ku","#E38776","black"
"Ladinian","Blue mesophotic",3,52,"international ages",242,239.5,237,5,"Lad","#C983BF","black"
"Ladinian","Brown mesophotic",4,52,"international ages",242,239.5,237,5,"Lad","#C983BF","black"
"Ladinian","Euphotic",30,52,"international ages",242,239.5,237,5,"Lad","#C983BF","black"
"Ladinian","Unknown",7,52,"international ages",242,239.5,237,5,"Lad","#C983BF","black"
"Langhian","Blue mesophotic",9,90,"international ages",15.98,14.9,13.82,2.16,"Lan","#FFFF4D","black"
"Langhian","Brown mesophotic",34,90,"international ages",15.98,14.9,13.82,2.16,"Lan","#FFFF4D","black"
"Langhian","Euphotic",65,90,"international ages",15.98,14.9,13.82,2.16,"Lan","#FFFF4D","black"
"Langhian","Unknown",67,90,"international ages",15.98,14.9,13.82,2.16,"Lan","#FFFF4D","black"
"Lochkovian","Blue mesophotic",15,26,"international ages",419.2,415,410.8,8.39999999999998,"Lo","#E5B75A","black"
"Lochkovian","Brown mesophotic",42,26,"international ages",419.2,415,410.8,8.39999999999998,"Lo","#E5B75A","black"
"Lochkovian","Euphotic",71,26,"international ages",419.2,415,410.8,8.39999999999998,"Lo","#E5B75A","black"
"Lochkovian","Unknown",109,26,"international ages",419.2,415,410.8,8.39999999999998,"Lo","#E5B75A","black"
"Ludfordian","Blue mesophotic",4,24,"international ages",425.6,424.3,423,2.60000000000002,"Lud","#D9F0DF","black"
"Ludfordian","Brown mesophotic",7,24,"international ages",425.6,424.3,423,2.60000000000002,"Lud","#D9F0DF","black"
"Ludfordian","Euphotic",65,24,"international ages",425.6,424.3,423,2.60000000000002,"Lud","#D9F0DF","black"
"Ludfordian","Unknown",78,24,"international ages",425.6,424.3,423,2.60000000000002,"Lud","#D9F0DF","black"
"Lutetian","Brown mesophotic",26,83,"international ages",47.8,44.5,41.2,6.59999999999999,"Lut","#FCB482","black"
"Lutetian","Euphotic",64,83,"international ages",47.8,44.5,41.2,6.59999999999999,"Lut","#FCB482","black"
"Lutetian","Unknown",54,83,"international ages",47.8,44.5,41.2,6.59999999999999,"Lut","#FCB482","black"
"Maastrichtian","Blue mesophotic",11,78,"international ages",72.1,69.05,66,6.09999999999999,"Ma","#F2FA8C","black"
"Maastrichtian","Brown mesophotic",36,78,"international ages",72.1,69.05,66,6.09999999999999,"Ma","#F2FA8C","black"
"Maastrichtian","Euphotic",87,78,"international ages",72.1,69.05,66,6.09999999999999,"Ma","#F2FA8C","black"
"Maastrichtian","Unknown",54,78,"international ages",72.1,69.05,66,6.09999999999999,"Ma","#F2FA8C","black"
"Messinian","Brown mesophotic",18,93,"international ages",7.246,6.2895,5.333,1.913,"Mes","#FFFF73","black"
"Messinian","Euphotic",75,93,"international ages",7.246,6.2895,5.333,1.913,"Mes","#FFFF73","black"
"Messinian","Unknown",50,93,"international ages",7.246,6.2895,5.333,1.913,"Mes","#FFFF73","black"
"Moscovian","Euphotic",6,37,"international ages",315.2,311.1,307,8.19999999999999,"Mo","#C7CBB9","black"
"Moscovian","Unknown",16,37,"international ages",315.2,311.1,307,8.19999999999999,"Mo","#C7CBB9","black"
"Norian","Blue mesophotic",4,54,"international ages",227,217.75,208.5,18.5,"Nori","#D6AAD3","black"
"Norian","Brown mesophotic",12,54,"international ages",227,217.75,208.5,18.5,"Nori","#D6AAD3","black"
"Norian","Euphotic",87,54,"international ages",227,217.75,208.5,18.5,"Nori","#D6AAD3","black"
"Norian","Unknown",34,54,"international ages",227,217.75,208.5,18.5,"Nori","#D6AAD3","black"
"Oxfordian","Blue mesophotic",8,64,"international ages",161.5,158.15,154.8,6.69999999999999,"Ox","#BFE7F1","black"
"Oxfordian","Brown mesophotic",27,64,"international ages",161.5,158.15,154.8,6.69999999999999,"Ox","#BFE7F1","black"
"Oxfordian","Euphotic",130,64,"international ages",161.5,158.15,154.8,6.69999999999999,"Ox","#BFE7F1","black"
"Oxfordian","Unknown",40,64,"international ages",161.5,158.15,154.8,6.69999999999999,"Ox","#BFE7F1","black"
"Piacenzian","Brown mesophotic",50,95,"international ages",3.6,3.09,2.58,1.02,"Pi","#FFFFBF","black"
"Piacenzian","Euphotic",83,95,"international ages",3.6,3.09,2.58,1.02,"Pi","#FFFFBF","black"
"Piacenzian","Unknown",47,95,"international ages",3.6,3.09,2.58,1.02,"Pi","#FFFFBF","black"
"Pleistocene","Blue mesophotic",23,96,"international ages",2.58,1.29585,0.0117,2.5683,"Ple","#FFEDB3","black"
"Pleistocene","Brown mesophotic",72,96,"international ages",2.58,1.29585,0.0117,2.5683,"Ple","#FFEDB3","black"
"Pleistocene","Euphotic",128,96,"international ages",2.58,1.29585,0.0117,2.5683,"Ple","#FFEDB3","black"
"Pleistocene","Unknown",99,96,"international ages",2.58,1.29585,0.0117,2.5683,"Ple","#FFEDB3","black"
"Pliensbachian","Brown mesophotic",9,58,"international ages",192.9,188.55,184.2,8.70000000000002,"Pl","#80C5DD","black"
"Pliensbachian","Euphotic",77,58,"international ages",192.9,188.55,184.2,8.70000000000002,"Pl","#80C5DD","black"
"Pliensbachian","Unknown",9,58,"international ages",192.9,188.55,184.2,8.70000000000002,"Pl","#80C5DD","black"
"Pragian","Blue mesophotic",5,27,"international ages",410.8,409.2,407.6,3.19999999999999,"Pra","#E5C468","black"
"Pragian","Brown mesophotic",6,27,"international ages",410.8,409.2,407.6,3.19999999999999,"Pra","#E5C468","black"
"Pragian","Euphotic",47,27,"international ages",410.8,409.2,407.6,3.19999999999999,"Pra","#E5C468","black"
"Pragian","Unknown",45,27,"international ages",410.8,409.2,407.6,3.19999999999999,"Pra","#E5C468","black"
"Priabonian","Blue mesophotic",23,85,"international ages",37.71,35.805,33.9,3.81,"Pria","#FDCDA1","black"
"Priabonian","Brown mesophotic",38,85,"international ages",37.71,35.805,33.9,3.81,"Pria","#FDCDA1","black"
"Priabonian","Euphotic",77,85,"international ages",37.71,35.805,33.9,3.81,"Pria","#FDCDA1","black"
"Priabonian","Unknown",69,85,"international ages",37.71,35.805,33.9,3.81,"Pria","#FDCDA1","black"
"Pridoli","Blue mesophotic",14,25,"international ages",423,421.1,419.2,3.80000000000001,"Prid","#E6F5E1","black"
"Pridoli","Brown mesophotic",7,25,"international ages",423,421.1,419.2,3.80000000000001,"Prid","#E6F5E1","black"
"Pridoli","Euphotic",40,25,"international ages",423,421.1,419.2,3.80000000000001,"Prid","#E6F5E1","black"
"Pridoli","Unknown",79,25,"international ages",423,421.1,419.2,3.80000000000001,"Prid","#E6F5E1","black"
"Rhaetian","Blue mesophotic",2,55,"international ages",208.5,204.95,201.4,7.09999999999999,"Rha","#E3B9DB","black"
"Rhaetian","Brown mesophotic",39,55,"international ages",208.5,204.95,201.4,7.09999999999999,"Rha","#E3B9DB","black"
"Rhaetian","Euphotic",68,55,"international ages",208.5,204.95,201.4,7.09999999999999,"Rha","#E3B9DB","black"
"Rhaetian","Unknown",27,55,"international ages",208.5,204.95,201.4,7.09999999999999,"Rha","#E3B9DB","black"
"Rhuddanian","Blue mesophotic",3,18,"international ages",443.8,442.3,440.8,3,"Rhu","#A6DCB5","black"
"Rhuddanian","Brown mesophotic",15,18,"international ages",443.8,442.3,440.8,3,"Rhu","#A6DCB5","black"
"Rhuddanian","Euphotic",69,18,"international ages",443.8,442.3,440.8,3,"Rhu","#A6DCB5","black"
"Rhuddanian","Unknown",69,18,"international ages",443.8,442.3,440.8,3,"Rhu","#A6DCB5","black"
"Roadian","Blue mesophotic",4,44,"international ages",273.01,269.955,266.9,6.11000000000001,"Ro","#FB8069","black"
"Roadian","Euphotic",3,44,"international ages",273.01,269.955,266.9,6.11000000000001,"Ro","#FB8069","black"
"Roadian","Unknown",39,44,"international ages",273.01,269.955,266.9,6.11000000000001,"Ro","#FB8069","black"
"Rupelian","Brown mesophotic",41,86,"international ages",33.9,30.86,27.82,6.08,"Ru","#FED99A","black"
"Rupelian","Euphotic",75,86,"international ages",33.9,30.86,27.82,6.08,"Ru","#FED99A","black"
"Rupelian","Unknown",33,86,"international ages",33.9,30.86,27.82,6.08,"Ru","#FED99A","black"
"Sakmarian","Brown mesophotic",2,41,"international ages",293.52,291.81,290.1,3.41999999999996,"Sak","#E36F5C","black"
"Sakmarian","Euphotic",8,41,"international ages",293.52,291.81,290.1,3.41999999999996,"Sak","#E36F5C","black"
"Sakmarian","Unknown",21,41,"international ages",293.52,291.81,290.1,3.41999999999996,"Sak","#E36F5C","black"
"Sandbian","Blue mesophotic",19,15,"international ages",458.4,455.7,453,5.39999999999998,"Sand","#8CD094","black"
"Sandbian","Brown mesophotic",16,15,"international ages",458.4,455.7,453,5.39999999999998,"Sand","#8CD094","black"
"Sandbian","Euphotic",40,15,"international ages",458.4,455.7,453,5.39999999999998,"Sand","#8CD094","black"
"Sandbian","Unknown",49,15,"international ages",458.4,455.7,453,5.39999999999998,"Sand","#8CD094","black"
"Santonian","Blue mesophotic",1,76,"international ages",86.3,84.95,83.6,2.7,"Sant","#D9EF74","black"
"Santonian","Brown mesophotic",34,76,"international ages",86.3,84.95,83.6,2.7,"Sant","#D9EF74","black"
"Santonian","Euphotic",46,76,"international ages",86.3,84.95,83.6,2.7,"Sant","#D9EF74","black"
"Santonian","Unknown",16,76,"international ages",86.3,84.95,83.6,2.7,"Sant","#D9EF74","black"
"Selandian","Brown mesophotic",11,80,"international ages",61.6,60.4,59.2,2.4,"Sel","#FEBF65","black"
"Selandian","Euphotic",17,80,"international ages",61.6,60.4,59.2,2.4,"Sel","#FEBF65","black"
"Selandian","Unknown",25,80,"international ages",61.6,60.4,59.2,2.4,"Sel","#FEBF65","black"
"Serpukhovian","Blue mesophotic",6,35,"international ages",330.9,327.05,323.2,7.69999999999999,"Serp","#BFC26B","black"
"Serpukhovian","Brown mesophotic",17,35,"international ages",330.9,327.05,323.2,7.69999999999999,"Serp","#BFC26B","black"
"Serpukhovian","Euphotic",24,35,"international ages",330.9,327.05,323.2,7.69999999999999,"Serp","#BFC26B","black"
"Serpukhovian","Unknown",32,35,"international ages",330.9,327.05,323.2,7.69999999999999,"Serp","#BFC26B","black"
"Serravallian","Brown mesophotic",41,91,"international ages",13.82,12.725,11.63,2.19,"Serr","#FFFF59","black"
"Serravallian","Euphotic",72,91,"international ages",13.82,12.725,11.63,2.19,"Serr","#FFFF59","black"
"Serravallian","Unknown",62,91,"international ages",13.82,12.725,11.63,2.19,"Serr","#FFFF59","black"
"Sheinwoodian","Blue mesophotic",19,21,"international ages",433.4,431.95,430.5,2.89999999999998,"Sh","#BFE6C3","black"
"Sheinwoodian","Brown mesophotic",6,21,"international ages",433.4,431.95,430.5,2.89999999999998,"Sh","#BFE6C3","black"
"Sheinwoodian","Euphotic",92,21,"international ages",433.4,431.95,430.5,2.89999999999998,"Sh","#BFE6C3","black"
"Sheinwoodian","Unknown",96,21,"international ages",433.4,431.95,430.5,2.89999999999998,"Sh","#BFE6C3","black"
"Sinemurian","Blue mesophotic",3,57,"international ages",199.5,196.2,192.9,6.59999999999999,"Si","#67BCD8","black"
"Sinemurian","Brown mesophotic",7,57,"international ages",199.5,196.2,192.9,6.59999999999999,"Si","#67BCD8","black"
"Sinemurian","Euphotic",27,57,"international ages",199.5,196.2,192.9,6.59999999999999,"Si","#67BCD8","black"
"Sinemurian","Unknown",7,57,"international ages",199.5,196.2,192.9,6.59999999999999,"Si","#67BCD8","black"
"Telychian","Blue mesophotic",9,20,"international ages",438.5,435.95,433.4,5.10000000000002,"Te","#BFE6CF","black"
"Telychian","Brown mesophotic",25,20,"international ages",438.5,435.95,433.4,5.10000000000002,"Te","#BFE6CF","black"
"Telychian","Euphotic",86,20,"international ages",438.5,435.95,433.4,5.10000000000002,"Te","#BFE6CF","black"
"Telychian","Unknown",101,20,"international ages",438.5,435.95,433.4,5.10000000000002,"Te","#BFE6CF","black"
"Thanetian","Blue mesophotic",12,81,"international ages",59.2,57.6,56,3.2,"Th","#FDBF6F","black"
"Thanetian","Brown mesophotic",12,81,"international ages",59.2,57.6,56,3.2,"Th","#FDBF6F","black"
"Thanetian","Euphotic",38,81,"international ages",59.2,57.6,56,3.2,"Th","#FDBF6F","black"
"Thanetian","Unknown",30,81,"international ages",59.2,57.6,56,3.2,"Th","#FDBF6F","black"
"Tithonian","Blue mesophotic",16,66,"international ages",149.2,147.1,145,4.19999999999999,"Ti","#D9F1F7","black"
"Tithonian","Brown mesophotic",22,66,"international ages",149.2,147.1,145,4.19999999999999,"Ti","#D9F1F7","black"
"Tithonian","Euphotic",97,66,"international ages",149.2,147.1,145,4.19999999999999,"Ti","#D9F1F7","black"
"Tithonian","Unknown",9,66,"international ages",149.2,147.1,145,4.19999999999999,"Ti","#D9F1F7","black"
"Toarcian","Blue mesophotic",1,59,"international ages",184.2,179.45,174.7,9.5,"Toa","#99CEE3","black"
"Toarcian","Brown mesophotic",5,59,"international ages",184.2,179.45,174.7,9.5,"Toa","#99CEE3","black"
"Toarcian","Euphotic",24,59,"international ages",184.2,179.45,174.7,9.5,"Toa","#99CEE3","black"
"Toarcian","Unknown",7,59,"international ages",184.2,179.45,174.7,9.5,"Toa","#99CEE3","black"
"Tortonian","Blue mesophotic",5,92,"international ages",11.63,9.438,7.246,4.384,"Tor","#FFFF66","black"
"Tortonian","Brown mesophotic",54,92,"international ages",11.63,9.438,7.246,4.384,"Tor","#FFFF66","black"
"Tortonian","Euphotic",58,92,"international ages",11.63,9.438,7.246,4.384,"Tor","#FFFF66","black"
"Tortonian","Unknown",90,92,"international ages",11.63,9.438,7.246,4.384,"Tor","#FFFF66","black"
"Tournaisian","Blue mesophotic",21,33,"international ages",358.9,352.8,346.7,12.2,"Tou","#8CB06C","black"
"Tournaisian","Brown mesophotic",7,33,"international ages",358.9,352.8,346.7,12.2,"Tou","#8CB06C","black"
"Tournaisian","Euphotic",39,33,"international ages",358.9,352.8,346.7,12.2,"Tou","#8CB06C","black"
"Tournaisian","Unknown",55,33,"international ages",358.9,352.8,346.7,12.2,"Tou","#8CB06C","black"
"Tremadocian","Euphotic",1,11,"international ages",485.4,481.55,477.7,7.69999999999999,"Tr","#33A97E","black"
"Turonian","Blue mesophotic",2,74,"international ages",93.9,91.85,89.8,4.10000000000001,"Tu","#BFE35D","black"
"Turonian","Brown mesophotic",13,74,"international ages",93.9,91.85,89.8,4.10000000000001,"Tu","#BFE35D","black"
"Turonian","Euphotic",39,74,"international ages",93.9,91.85,89.8,4.10000000000001,"Tu","#BFE35D","black"
"Turonian","Unknown",35,74,"international ages",93.9,91.85,89.8,4.10000000000001,"Tu","#BFE35D","black"
"Valanginian","Blue mesophotic",4,68,"international ages",139.8,136.2,132.6,7.20000000000002,"Va","#99D36A","black"
"Valanginian","Brown mesophotic",40,68,"international ages",139.8,136.2,132.6,7.20000000000002,"Va","#99D36A","black"
"Valanginian","Euphotic",83,68,"international ages",139.8,136.2,132.6,7.20000000000002,"Va","#99D36A","black"
"Valanginian","Unknown",67,68,"international ages",139.8,136.2,132.6,7.20000000000002,"Va","#99D36A","black"
"Visean","Blue mesophotic",20,34,"international ages",346.7,338.8,330.9,15.8,"Vi","#A6B96C","black"
"Visean","Brown mesophotic",39,34,"international ages",346.7,338.8,330.9,15.8,"Vi","#A6B96C","black"
"Visean","Euphotic",77,34,"international ages",346.7,338.8,330.9,15.8,"Vi","#A6B96C","black"
"Visean","Unknown",68,34,"international ages",346.7,338.8,330.9,15.8,"Vi","#A6B96C","black"
"Wordian","Euphotic",9,45,"international ages",266.9,265.59,264.28,2.62,"Wo","#FB8D76","black"
"Wordian","Unknown",27,45,"international ages",266.9,265.59,264.28,2.62,"Wo","#FB8D76","black"
"Wuchiapingian","Blue mesophotic",1,47,"international ages",259.51,256.825,254.14,5.37,"Wuc","#FCB4A2","black"
"Wuchiapingian","Brown mesophotic",3,47,"international ages",259.51,256.825,254.14,5.37,"Wuc","#FCB4A2","black"
"Wuchiapingian","Euphotic",8,47,"international ages",259.51,256.825,254.14,5.37,"Wuc","#FCB4A2","black"
"Wuchiapingian","Unknown",22,47,"international ages",259.51,256.825,254.14,5.37,"Wuc","#FCB4A2","black"
"Ypresian","Blue mesophotic",2,82,"international ages",56,51.9,47.8,8.2,"Y","#FCA773","black"
"Ypresian","Brown mesophotic",27,82,"international ages",56,51.9,47.8,8.2,"Y","#FCA773","black"
"Ypresian","Euphotic",52,82,"international ages",56,51.9,47.8,8.2,"Y","#FCA773","black"
"Ypresian","Unknown",39,82,"international ages",56,51.9,47.8,8.2,"Y","#FCA773","black"
"Zanclean","Blue mesophotic",4,94,"international ages",5.333,4.4665,3.6,1.733,"Z","#FFFFB3","black"
"Zanclean","Brown mesophotic",47,94,"international ages",5.333,4.4665,3.6,1.733,"Z","#FFFFB3","black"
"Zanclean","Euphotic",92,94,"international ages",5.333,4.4665,3.6,1.733,"Z","#FFFFB3","black"
"Zanclean","Unknown",59,94,"international ages",5.333,4.4665,3.6,1.733,"Z","#FFFFB3","black"
