Interval,max.ma,min.ma,reef_bin,r.stage,r.stage2,s.seq,stg100,stg100.2,stg99,stg99.2,System
Neoproterozoic,1000,542,NA,1,1,0,1,1,1,1,Ediacaran
Riphean,850,720,NA,1,1,0,1,1,1,1,Ediacaran
late Xifengshi epoch,800,542,1,2,3,0,2,3,2,3,Ediacaran
Dengying epoch,635,541,1,2,3,0,2,3,2,3,Ediacaran
Ediacaran,635,541,1,2,3,0,2,3,2,3,Ediacaran
Hadrynian,635,541,1,1,2,0,1,2,1,2,Ediacaran
Vendian,635,541,1,3,3,0,3,3,3,3,Ediacaran
upper Ediacaran,635,541,1,3,3,0,3,3,3,3,Ediacaran
middle Ediacaran,635,541,1,3,3,0,3,3,3,3,Ediacaran
Nemakit-Daldynian,541,529,2,4,4,1,4,4,4,4,Cambrian
pre-Tommotian,541,529,2,4,4,1,4,4,4,4,Cambrian
Cambrian,541,485.4,NA,NA,NA,NA,NA,NA,NA,NA,Cambrian
lower Cambrian,529,521,3,NA,NA,1,NA,NA,NA,NA,Cambrian
Lower Cambrian,529,521,3,NA,NA,1,NA,NA,NA,NA,Cambrian
Tommotian,529,521,3,5,5,1,5,5,5,5,Cambrian
upper Tommotian,529,521,3,5,5,1,5,5,5,5,Cambrian
lower Tommotian,529,521,3,5,5,1,5,5,5,5,Cambrian
Tommotian/Atdabanian,529,514,3,6,6,1,6,6,6,6,Cambrian
upper Ovetian,529,509,3,6,6,1,6,6,6,6,Cambrian
Atdabanian,521,514,3,6,6,1,6,6,6,6,Cambrian
upper Atdabanian,521,514,3,6,6,1,6,6,6,6,Cambrian
lower Atdabian,521,514,3,6,6,1,6,6,6,6,Cambrian
lower Atdabanian,521,514,3,6,6,1,6,6,6,6,Cambrian
Atdabanian/Botomian,521,514,3,6,7,1,6,7,6,7,Cambrian
Atdabanian-Botomian,521,509,3,6,7,1,7,7,7,7,Cambrian
Lenian,521,509,3,6,7,1,6,7,6,7,Cambrian
Lenian-Amgaian,521,509,3,6,8,1,6,8,6,8,Cambrian
Tianheban epoch,521,509,3,NA,NA,1,NA,NA,NA,NA,Cambrian
late Shuijingtou epoch,521,505,3,7,7,1,7,7,7,7,Cambrian
Botomian,514,509,3,7,7,1,7,7,7,7,Cambrian
lower Botomian,514,509,3,7,7,1,7,7,7,7,Cambrian
middle Botomian,514,509,3,7,7,1,7,7,7,7,Cambrian
upper Botomian,514,509,3,7,7,1,7,7,7,7,Cambrian
late Botomian-early Toyonian,514,509,3,7,7,1,7,7,7,7,Cambrian
Botomian-Toyonian,514,509,3,7,7,1,7,7,7,7,Cambrian
late Botomian-Toyonian,514,509,3,7,7,1,7,7,7,7,Cambrian
upper Botomian-Toyonian,514,509,3,7,7,1,7,7,7,7,Cambrian
Toyonian,514,509,3,7,7,1,7,7,7,7,Cambrian
Toyonian?,514,509,3,7,7,1,7,7,7,7,Cambrian
late Botomian,514,509,3,7,7,1,7,7,7,7,Cambrian
Maentwrogian,497,494,3,11,11,2,11,11,11,11,Cambrian
upper Botomian - Toyonian,514,504.5,3,7,7,1,7,7,7,7,Cambrian
lower Middle Cambrian,509,505,4,8,8,2,8,8,8,8,Cambrian
early Middle Cambrian,509,505,4,8,8,2,8,8,8,8,Cambrian
Middle Cambrian,509,497,4,8,10,2,8,10,8,10,Cambrian
middle Middle Cambrian,509,497,4,9,9,2,9,9,9,9,Cambrian
Middle/Upper Cambrian,509,485,4,10,11,2,10,11,10,11,Cambrian
Middle-Upper Cambrian,509,485,4,10,11,2,10,11,10,11,Cambrian
Albertan,509,497,4,8,9,2,8,9,8,9,Cambrian
Amgan,509,497,4,8,8,2,8,8,8,8,Cambrian
Menevian,509,500.5,4,9,10,2,9,10,9,10,Cambrian
upper Middle Cambrian,505,501,4,10,10,2,10,10,10,10,Cambrian
Marjuman,504,500.5,4,9,10,2,9,10,9,10,Cambrian
Marjumian,504,500.5,4,9,10,2,9,10,9,10,Cambrian
Mayan,500.5,497,4,10,10,2,10,10,10,10,Cambrian
Gushanian,500.5,497,5,11,11,2,11,11,11,11,Cambrian
latest Marjumian-Steptoan,497,493,4,10,10,2,10,10,10,10,Cambrian
Dresbachian,497,494,5,11,11,2,11,11,11,11,Cambrian
Middle- Dresbachian,497,494,5,11,11,2,11,11,11,11,Cambrian
upper Dresbachian,497,494,5,11,12,2,11,12,11,12,Cambrian
Middle-Dresbachian,497,494,5,11,11,2,11,11,11,11,Cambrian
lower Upper Cambrian,497,491,5,11,11,2,11,11,11,11,Cambrian
Upper Cambrian,497,485,5,11,13,3,11,13,11,13,Cambrian
Millardan,497,485,5,11,13,3,11,13,11,13,Cambrian
Croixian-Tremadocian,497,477.7,5,13,14,3,13,14,13,14,Cambrian
Steptoan,494.5,493,5,12,12,2,12,12,12,12,Cambrian
Steptoan-Sunwaptan,494.5,491,5,12,13,3,12,13,12,13,Cambrian
Steptoean,494.5,493,5,12,12,2,12,12,12,12,Cambrian
lower Steptoan,494.5,493,5,12,12,2,12,12,12,12,Cambrian
Trempealeauan,493,485.4,4,13,13,3,13,13,13,13,Cambrian
Sunwaptan,493,491,5,12,13,3,12,13,12,13,Cambrian
Sunwaptan?,493,491,5,12,13,3,12,13,12,13,Cambrian
Sunwaptan-Ibexian,493,491,5,12,13,3,12,13,12,13,Cambrian
lowermost Sunwaptan,493,491,5,12,12,3,12,12,12,12,Cambrian
Fengshanian,493,491,6,13,13,3,13,13,13,13,Cambrian
Ibexian,485.4,475,6,13,14,3,13,14,13,14,Ordovician
lower Ibexian,485.4,480,6,13,14,3,13,14,13,14,Ordovician
upper Ibexian,485.4,477.7,6,14,14,3,14,14,14,14,Ordovician
lower Canadian,485.4,477.7,6,14,14,3,14,14,14,14,Ordovician
Lower Canadian,485.4,477.7,6,14,14,3,14,14,14,14,Ordovician
Gasconadian,485.4,477.7,6,14,14,3,14,14,14,14,Ordovician
middle Tremadoc,485.4,477.7,6,14,14,3,14,14,14,14,Ordovician
early-mid Tremadocian,485.4,477.7,6,14,14,3,14,14,14,14,Ordovician
middle-upper Tremadocian,485.4,477.7,6,14,14,3,14,14,14,14,Ordovician
Tremadocian,485.4,477.7,6,14,14,3,14,14,14,14,Ordovician
upper Tremadocian,485.4,477.7,6,14,14,3,14,14,14,14,Ordovician
Trempealeauan-Tremadocian,485.4,477.7,6,13,14,3,13,14,13,14,Ordovician
lower Ordovician,485.4,470,NA,NA,NA,3,NA,NA,NA,NA,Ordovician
Lower Ordovician,485.4,470,NA,NA,NA,3,NA,NA,NA,NA,Ordovician
mid-late Canadian,477.7,470,6,15,15,3,15,15,15,15,Ordovician
Arenig,477.7,470,7,15,16,4,15,16,15,16,Ordovician
Arenigian,477.7,470,7,15,16,4,15,16,15,16,Ordovician
lower Arenigian,477.7,470,7,15,15,4,15,15,15,15,Ordovician
upper Arenigian,477.7,470,7,15,15,4,15,15,15,15,Ordovician
Floian,477.7,470,7,15,15,4,15,15,15,15,Ordovician
Upper Lower Ordovician?,477.7,470,7,15,15,4,15,15,15,15,Ordovician
Arenigian-Llanvirnian,472,468,7,15,16,4,15,16,15,16,Ordovician
upper Arenigian-Llanvirnian,472,468,7,16,16,4,16,16,16,16,Ordovician
Dapingian,470,467.3,7,16,16,4,16,16,16,16,Ordovician
Volkhovian,470,467.3,7,16,16,4,16,16,16,16,Ordovician
Whiterockian,470,467.3,7,16,16,4,16,16,16,16,Ordovician
lower Middle Ordovician,470,467.3,7,16,16,4,16,16,16,16,Ordovician
Middle Ordovician,470,458.4,8,16,17,4,16,17,16,17,Ordovician
upper Whiterockian,469,467.3,8,16,16,4,16,16,16,16,Ordovician
Chazyan,467.3,458.4,8,17,17,5,17,17,17,17,Ordovician
late Chazyan,467.3,458.4,8,17,17,5,17,17,17,17,Ordovician
lower Chazyan,467.3,458.4,8,17,17,5,17,17,17,17,Ordovician
upper Chazyan,467.3,458.4,8,17,17,5,17,17,17,17,Ordovician
Darriwilian,467.3,458.4,8,17,17,5,17,17,17,17,Ordovician
early Darriwilian,467.3,458.4,8,17,17,5,17,17,17,17,Ordovician
lower middle Darriwilian,467.3,458.4,8,17,17,5,17,17,17,17,Ordovician
Darriwilian-Caradocian,467.3,458.4,8,17,19,5,17,19,17,19,Ordovician
Llandeilo,467.3,458.4,8,17,17,5,17,17,17,17,Ordovician
Llanvirnian,467.3,458.4,8,17,17,5,17,17,17,17,Ordovician
lower Darriwilian,467.3,458.4,8,17,17,5,17,17,17,17,Ordovician
Caradocian-Ashgillian,467.3,445.2,9,18,19,5,18,19,18,19,Ordovician
Gisbornian-Eastonian,460.9,450,9,18,18,5,18,18,18,18,Ordovician
Blackriverian,458.4,467.3,9,18,18,5,18,18,18,18,Ordovician
Sandbian,458.4,453,9,18,18,5,18,18,18,18,Ordovician
Upper Ordovician,458.4,443.4,NA,NA,NA,5,NA,NA,NA,NA,Ordovician
Caradocian,458,451,9,18,19,5,18,19,18,19,Ordovician
early Caradocian,458,453,9,18,18,5,18,18,18,18,Ordovician
lower Caradocian,458,453,9,18,18,5,18,18,18,18,Ordovician
lower-middle Caradocian,458,452,9,18,18,5,18,18,18,18,Ordovician
Eastonian,457,451,9,18,18,5,18,18,18,18,Ordovician
middle Caradocian,455,452,9,18,18,5,18,18,18,18,Ordovician
middle-late Caradocian,455,451,9,19,19,5,19,19,19,19,Ordovician
middle-upper Caradocian,455,451,9,19,19,5,19,19,19,19,Ordovician
late Caradocian,453,451,9,19,19,5,19,19,19,19,Ordovician
upper Caradocian,453,451,9,19,19,5,19,19,19,19,Ordovician
Edenian,453,445.2,9,19,19,5,19,19,19,19,Ordovician
early Katian,453,445.2,9,19,19,5,19,19,19,19,Ordovician
Katian,453,445.2,9,19,19,5,19,19,19,19,Ordovician
late Katian,453,445.2,10,19,19,5,19,19,19,19,Ordovician
Rawtheyan,453,445.2,10,19,19,5,19,19,19,19,Ordovician
late Richmondian,453,445.2,10,19,19,5,19,19,19,19,Ordovician
mid-late Richmondian,453,445.2,10,19,19,5,19,19,19,19,Ordovician
Richmondian,453,445.2,10,19,19,5,19,19,19,19,Ordovician
Ashgill,453,445.2,10,19,20,5,19,20,19,20,Ordovician
lower-middle Ashgillian,453,445.2,10,19,19,5,19,19,19,19,Ordovician
Rawtheyan-Hirnantian,453,443.4,10,20,20,5,20,20,20,20,Ordovician
Ashgillian,451,445.2,10,19,20,5,19,20,19,20,Ordovician
early Ashgillian,451,445.2,10,19,19,5,19,19,19,19,Ordovician
lower Ashgillian,451,445.2,10,19,19,5,19,19,19,19,Ordovician
middle Ashgillian,451,445.2,10,19,19,5,19,19,19,19,Ordovician
upper Ashgillian,450,445.2,10,20,20,5,20,20,20,20,Ordovician
Gamachean,445.2,443.4,10,19,19,5,19,19,19,19,Ordovician
Hirnantian,445.2,443.4,10,20,20,5,20,20,20,20,Ordovician
lower Hirnantian,445.2,443.4,10,20,20,5,20,20,20,20,Ordovician
middle Rhuddanian,443.4,440.8,11,21,21,6,21,21,21,21,Silurian
Rhuddanian,443.4,440.8,11,21,21,6,21,21,21,21,Silurian
upper Rhuddanian,443.4,440.8,11,21,21,6,21,21,21,21,Silurian
Rhuddanian?,443.4,440.8,11,21,21,6,21,21,21,21,Silurian
lower Llandoverian,443.4,433.4,11,21,21,6,21,21,21,21,Silurian
late Llandovery,443.4,433.4,11,23,23,6,23,23,23,23,Silurian
Llandovery,443.4,433.4,11,21,23,6,21,23,21,23,Silurian
upper Llandovery,443.4,433.4,11,23,23,6,23,23,23,23,Silurian
upper(?) Llandovery,443.4,433.4,11,22,23,6,22,23,22,23,Silurian
Llandovery/Wenlock,443.4,427.4,11,NA,NA,6,23,25,23,25,Silurian
Llandovery-Wenlock,443.4,427.4,11,NA,NA,6,23,25,23,25,Silurian
Silurian,443.4,419.2,NA,NA,NA,NA,NA,NA,NA,NA,Silurian
Aeronian,440.8,438.5,11,22,22,6,22,22,22,22,Silurian
middle Aeronian,440.8,438.5,11,22,22,6,22,22,22,22,Silurian
upper Aeronian,440.8,438.5,11,23,23,6,23,23,23,23,Silurian
Aeronian?,440.8,438.5,11,22,22,6,22,22,22,22,Silurian
Aeronian-Telychian,440.8,433.4,11,22,23,6,22,23,22,23,Silurian
Telychian,438.5,433.4,11,23,23,6,23,23,23,23,Silurian
upper Telychian,438.5,433.4,11,23,23,6,23,23,23,23,Silurian
upper Telychian?,438.5,433.4,11,23,23,6,23,23,23,23,Silurian
Niagaran,435,433.4,12,NA,NA,7,NA,NA,NA,NA,Silurian
Sheinwoodian,433.4,430.5,12,24,24,7,24,24,24,24,Silurian
late Wenlock,433.4,430.5,12,25,25,7,25,25,25,25,Silurian
middle Wenlock,433.4,430.5,12,24,24,7,24,24,24,24,Silurian
Sheinwoodian/Homerian,433.4,427.4,12,24,24,7,24,24,24,24,Silurian
upper Wenlock,433.4,427.4,12,25,25,7,25,25,25,25,Silurian
Wenlock,433.4,427.4,12,24,25,7,24,25,24,25,Silurian
Wenlock?,433.4,427.4,12,24,25,7,24,25,24,25,Silurian
middle-late Wenlockian,433.4,427.4,12,25,25,7,25,25,25,25,Silurian
Wenlockian,433.4,427.4,12,24,25,7,24,25,24,25,Silurian
lower Wenlock?,433.4,430.5,12,24,24,7,24,24,24,24,Silurian
Wenlock/Ludlow,433.4,423,12,NA,NA,7,NA,NA,NA,NA,Silurian
Wenlockian-Ludlovian,433.4,423,12,NA,NA,7,NA,NA,NA,NA,Silurian
Wenlock-Ludlow,433.4,423,12,NA,NA,7,NA,NA,NA,NA,Silurian
lower Wenlock,433.4,430.5,12,24,24,7,24,24,24,24,Silurian
Homerian,430.5,427.4,12,25,25,7,25,25,25,25,Silurian
upper Wenlockian,430.5,427.4,12,25,25,7,25,25,25,25,Silurian
upper Wenlock-Ludlow,430.5,423,12,25,27,7,25,27,25,27,Silurian
Gorstian,427.4,425.6,12,26,26,7,26,26,26,26,Silurian
lower Ludlovian,427.4,425.6,12,26,26,7,26,26,26,26,Silurian
lower Ludlow,427.4,425.6,12,26,26,7,26,26,26,26,Silurian
Ludlov?,427.4,423,12,26,27,7,26,27,26,27,Silurian
Ludlovian,427.4,423,12,26,27,7,26,27,26,27,Silurian
middle Ludlovian,427.4,423,12,27,27,7,27,27,27,27,Silurian
Ludlow,427.4,423,12,26,27,7,26,27,26,27,Silurian
Ludlovian/Pridolian,427.4,419.2,12,27,28,7,27,28,27,28,Silurian
Ludlovian-Pridolian,427.4,419.2,12,27,28,7,27,28,27,28,Silurian
Ludlow-Gedinnian,427.4,410.8,12,26,28,7,26,28,26,28,Silurian
Ludfordian,425.6,423,12,27,27,7,27,27,27,27,Silurian
upper Ludlovian,425.6,423,12,27,27,7,27,27,27,27,Silurian
upper Ludlow,425.6,423,12,27,27,7,27,27,27,27,Silurian
Pridoli,423,419.2,12,28,28,8,28,28,28,28,Silurian
late Pridolian,423,419.2,12,28,28,8,28,28,28,28,Silurian
lowermost Pridolian,423,419.2,12,28,28,8,28,28,28,28,Silurian
Pridolian,423,419.2,12,28,28,8,28,28,28,28,Silurian
Upper Silurian,423,419.2,12,26,28,8,26,28,26,28,Silurian
lower Pridolian,423,419.2,12,28,28,8,28,28,28,28,Silurian
Pridolian-Lochkovian,423,410.8,13,28,29,8,28,29,28,29,Silurian
Pridoli-Lochkovian,423,410.8,13,28,29,8,28,29,28,29,Silurian
Pridolian/Pragian,423,407.6,13,28,30,8,28,30,28,30,Devonian
Pridoli-Pragian,423,407.6,13,28,30,8,28,30,28,30,Devonian
Gedinnian,419.2,410.8,13,29,29,8,29,29,29,29,Devonian
Gedinnian/Siegenian,419.2,410.8,13,29,30,8,29,30,29,30,Devonian
late Lochkovian,419.2,410.8,13,29,29,8,29,29,29,29,Devonian
Lochkovian,419.2,410.8,13,29,29,8,29,29,29,29,Devonian
lower Lochkovian,419.2,410.8,13,29,29,8,29,29,29,29,Devonian
upper Lochkovian,419.2,410.8,13,29,29,8,29,29,29,29,Devonian
Lochkovian/Pragian,419.2,407.6,13,29,30,8,29,30,29,30,Devonian
Lochkovian-Pragian,419.2,407.6,13,29,30,8,29,30,29,30,Devonian
Lower Devonian,419.2,393.3,13,29,31,8,29,31,29,31,Devonian
Devonian,419.2,359,NA,NA,NA,NA,NA,NA,NA,NA,Devonian
lower-middle Pragian,410.8,407.6,13,30,30,8,30,30,30,30,Devonian
Pragian,410.8,407.6,13,30,30,8,30,30,30,30,Devonian
upper Pragian,410.8,407.6,13,30,30,9,30,30,30,30,Devonian
lower Pragian,410.8,407.6,13,30,30,8,30,30,30,30,Devonian
Pragian/Emsian,410.8,393.3,13,30,31,9,30,31,30,31,Devonian
Pragian-Emsian,410.8,393.3,13,30,31,9,30,31,30,31,Devonian
upper Pragian-Emsian,410.8,393.3,13,30,30,9,30,30,30,30,Devonian
Pragian-lower Emsian,410.8,393.3,13,31,31,9,31,31,31,31,Devonian
Emsian,407.6,393.3,14,31,31,9,31,31,31,31,Devonian
lower Emsian,407.6,393.3,14,31,31,9,31,31,31,31,Devonian
Middle Emsian,407.6,393.3,14,31,31,9,31,31,31,31,Devonian
middle-upper Emsian,407.6,393.3,14,31,31,9,31,31,31,31,Devonian
upper Emsian,407.6,393.3,14,31,31,9,31,31,31,31,Devonian
Emsian?,407.6,393.3,14,31,31,9,31,31,31,31,Devonian
Emsian/Eifelian,407.6,387.7,14,31,32,9,31,32,31,32,Devonian
Emsian-Eifelian,407.6,387.7,14,31,32,9,31,32,31,32,Devonian
early Eifelian,393.3,387.7,15,32,32,9,32,32,32,32,Devonian
Eifelian,393.3,387.7,15,32,32,9,32,32,32,32,Devonian
late Eifelian,393.3,387.7,15,32,32,9,32,32,32,32,Devonian
lower Eifelian,393.3,387.7,15,32,32,9,32,32,32,32,Devonian
middle Eifelian,393.3,387.7,15,32,32,9,32,32,32,32,Devonian
middle-upper Eifelian,393.3,387.7,15,32,32,9,32,32,32,32,Devonian
upper Eifelian,393.3,387.7,15,32,32,9,32,32,32,32,Devonian
Eifelian-Givetian,393.3,382.7,15,32,33,9,32,33,32,33,Devonian
late Eifelian-Givetian,393.3,382.7,15,32,33,9,32,33,32,33,Devonian
Middle Devonian,387.7,382.7,15,32,33,NA,32,33,32,33,Devonian
Givetian,387.7,382.7,15,33,33,10,33,33,33,33,Devonian
lower Givetian,387.7,382.7,15,33,33,10,33,33,33,33,Devonian
middle Givetian,387.7,382.7,15,33,33,10,33,33,33,33,Devonian
middle-upper Givetian,387.7,382.7,15,33,33,10,33,33,33,33,Devonian
upper Givetian,387.7,382.7,15,33,33,10,33,33,33,33,Devonian
Givetian - lower Frasnian,387.7,382.7,15,33,34,10,33,34,33,34,Devonian
Givetian?,387.7,382.7,15,33,33,10,33,33,33,33,Devonian
late Givetian-early Frasnian,387.7,372.2,15,33,34,10,33,34,33,34,Devonian
Givetian-Frasnian,387.7,372.2,15,33,34,10,33,34,33,34,Devonian
upper Givetian-Frasnian,387.7,372.2,15,33,34,10,33,34,33,34,Devonian
early Frasnian,382.7,372.2,16,34,34,10,34,34,34,34,Devonian
Frasnian,382.7,372.2,16,34,34,10,34,34,34,34,Devonian
late Frasnian,382.7,372.2,16,34,34,10,34,34,34,34,Devonian
latest Frasnian,382.7,372.2,16,34,34,10,34,34,34,34,Devonian
lower Frasnian,382.7,372.2,16,34,34,10,34,34,34,34,Devonian
middle Frasnian,382.7,372.2,16,34,34,10,34,34,34,34,Devonian
middle(?) Frasnian,382.7,372.2,16,34,34,10,34,34,34,34,Devonian
middle-late Frasnian,382.7,372.2,16,34,34,10,34,34,34,34,Devonian
middle-upper Frasnian,382.7,372.2,16,34,34,10,34,34,34,34,Devonian
upper Frasnian,382.7,372.2,16,34,34,10,34,34,34,34,Devonian
upper? Frasnian,382.7,372.2,16,34,34,10,34,34,34,34,Devonian
Frasnian-Famennian,382.7,358.9,16,34,35,10,34,35,34,35,Devonian
upper Frasnian-Famennian,382.7,358.9,16,34,35,10,34,35,34,35,Devonian
Upper Devonian,378,358.9,16,34,35,10,34,35,34,35,Devonian
early-middle Famennian,372.2,358.9,17,35,35,10,35,35,35,35,Devonian
Famennian,372.2,358.9,17,35,35,11,35,35,35,35,Devonian
late Famennian,372.2,358.9,17,35,35,11,35,35,35,35,Devonian
latest Famennian,372.2,358.9,17,35,35,11,35,35,35,35,Devonian
Lower Famennian,372.2,358.9,17,35,35,10,35,35,35,35,Devonian
lower Famennian,372.2,358.9,17,35,35,10,35,35,35,35,Devonian
middle Famennian,372.2,358.9,17,35,35,11,35,35,35,35,Devonian
upper Famennian,372.2,358.9,17,35,35,11,35,35,35,35,Devonian
upper middle Famennian,372.2,358.9,17,35,35,11,35,35,35,35,Devonian
upper Famennian (Strunian),372.2,358.9,17,35,35,11,35,35,35,35,Devonian
Strunian,372.2,358.9,17,35,35,11,35,35,35,35,Devonian
lower Strunian,372.2,358.9,17,35,35,11,35,35,35,35,Devonian
Famennian-Tournaisian,372.2,346.7,17,35,36,11,35,36,35,36,Devonian
Courceyan,358.9,346.7,18,36,36,11,36,36,36,36,Carboniferous
Ivorian,358.9,346.7,18,36,36,11,36,36,36,36,Carboniferous
Kinderhookian,358.9,346.7,18,36,36,11,36,36,36,36,Carboniferous
lower Kinderhookian,358.9,346.7,18,36,36,11,36,36,36,36,Carboniferous
Lower Kinderhookian,358.9,346.7,18,36,36,11,36,36,36,36,Carboniferous
upper Kinderhookian,358.9,346.7,18,36,36,11,36,36,36,36,Carboniferous
Tournaisian,358.9,346.7,18,36,36,11,36,36,36,36,Carboniferous
upper Tournaisian,358.9,346.7,18,36,36,11,36,36,36,36,Carboniferous
Tournaisian-Early Visean,358.9,346.7,18,37,37,11,37,37,37,37,Carboniferous
middle Tournasian,358.9,346.7,18,36,36,11,36,36,36,36,Carboniferous
lower Tournaisian,358.9,346.7,18,36,36,11,36,36,36,36,Carboniferous
Tournaisian/Visean,358.9,330.9,18,36,37,11,36,37,36,37,Carboniferous
Lower Carboniferous,358.9,323.2,NA,NA,NA,11,NA,NA,NA,NA,Carboniferous
lower Osagean,350,345,18,36,36,11,36,36,36,36,Carboniferous
Osagean,350,342,18,36,36,11,36,36,36,36,Carboniferous
Courceyan/Chadian,350,346.7,18,37,37,11,37,37,37,37,Carboniferous
Valmeyerian,350,346,19,36,36,11,36,36,36,36,Carboniferous
upper Osagean,346.7,342,18,37,37,11,37,37,37,37,Carboniferous
Osagean (Tn3),346.7,342,18,37,37,11,37,37,37,37,Carboniferous
Chadian,346.7,345,19,37,37,11,37,37,37,37,Carboniferous
upper Vis,346.7,330.9,19,37,37,12,37,37,37,37,Carboniferous
early to middle Visean,346.7,330.9,19,37,37,12,37,37,37,37,Carboniferous
Visean,346.7,330.9,19,37,37,12,37,37,37,37,Carboniferous
lower Visean,346.7,336,19,37,37,11,37,37,37,37,Carboniferous
upper Chadian,346,345,19,37,37,11,37,37,37,37,Carboniferous
Meramecian,345,336,19,37,37,11,37,37,37,37,Carboniferous
middle-upper Visean,345,336,19,37,37,12,37,37,37,37,Carboniferous
middle Visean,345,340,19,37,37,12,37,37,37,37,Carboniferous
middle-upper Viséan,345,336,19,37,37,12,37,37,37,37,Carboniferous
Arundian,345,342,19,37,37,12,37,37,37,37,Carboniferous
Holkerian,342,340,19,37,37,12,37,37,37,37,Carboniferous
upper Holkerian,341,340,19,37,37,12,37,37,37,37,Carboniferous
upper Visean,340,330.9,19,37,37,12,37,37,37,37,Carboniferous
upper Viséan,340,330.9,19,37,37,12,37,37,37,37,Carboniferous
Asbian,340,336,19,37,37,12,37,37,37,37,Carboniferous
early Asbian,340,338,19,37,37,12,37,37,37,37,Carboniferous
Asbian-Brigantian,340,330.9,19,37,37,12,37,37,37,37,Carboniferous
upper Asbian,338,336,19,37,37,12,37,37,37,37,Carboniferous
late Asbian-Brigantian,338,331,19,37,37,12,37,37,37,37,Carboniferous
latest Visean,336,331,20,37,37,12,37,37,37,37,Carboniferous
Brigantian-Serpukhovian,336,323.2,20,37,38,12,37,38,37,38,Carboniferous
Visean/Serpukhovian,336,323.2,20,37,38,12,37,38,37,38,Carboniferous
upper Visean-Serpukhovian,336,323.2,20,37,38,12,37,38,37,38,Carboniferous
Visean-Serpukhovian,336,323.2,20,37,38,12,37,38,37,38,Carboniferous
Visean-Bashkirian,336,315.2,20,NA,NA,12,NA,NA,NA,NA,Carboniferous
Brigantian,336,331,20,37,37,12,37,37,37,37,Carboniferous
lower Chesterian,336,334,20,38,38,12,38,38,38,38,Carboniferous
Chesterian,336,331,20,38,38,12,38,38,38,38,Carboniferous
lower Middle Chesterian,336,333,20,38,38,12,38,38,38,38,Carboniferous
Arnsbergian,336,331,20,38,38,12,38,38,38,38,Carboniferous
Serpukhovian,330.9,323.2,20,38,38,12,38,38,38,38,Carboniferous
upper Serpukhovian,330.9,323.2,20,38,38,12,38,38,38,38,Carboniferous
Serpukhovian/Bashkirian,330.9,315.2,20,38,39,NA,38,39,38,39,Carboniferous
Serpukhovian-Bashkirian,330.9,315.2,20,38,39,NA,38,39,38,39,Carboniferous
Namurian,326.4,315,21,39,39,13,39,39,39,39,Carboniferous
Bashkirian,323.2,315.2,21,39,39,13,39,39,39,39,Carboniferous
lower Bashkirian,323.2,315.2,21,39,39,13,39,39,39,39,Carboniferous
middle Bashkirian,323.2,315.2,21,39,39,13,39,39,39,39,Carboniferous
upper Bashkirian,323.2,315.2,21,39,39,13,39,39,39,39,Carboniferous
Middle Carboniferous,323.2,315.2,21,NA,NA,13,NA,NA,NA,NA,Carboniferous
upper Morrowan,323.2,315,21,39,39,13,39,39,39,39,Carboniferous
Pennsylvanian,323.2,298.9,21,NA,NA,13,NA,NA,NA,NA,Carboniferous
Pennsylvanian-Asselian,323.2,295,NA,NA,NA,13,NA,NA,NA,NA,Carboniferous
Morrowan,323.2,315,21,39,39,13,39,39,39,39,Carboniferous
Atokan,315.2,310,21,40,40,13,40,40,40,40,Carboniferous
Desmoinesian,315.2,307,21,40,40,13,40,40,40,40,Carboniferous
early Moscovian,315.2,310,21,40,40,13,40,40,40,40,Carboniferous
lower Moscovian,315.2,310,21,40,40,13,40,40,40,40,Carboniferous
Moscovian,315.2,307,21,40,40,13,40,40,40,40,Carboniferous
upper Moscovian,315.2,311,21,40,40,13,40,40,40,40,Carboniferous
Moscovian-Kasimovian,315.2,303.7,21,40,41,13,40,41,40,41,Carboniferous
Moskovian-Kasimovian,315.2,303.7,21,40,41,13,40,41,40,41,Carboniferous
Moscovian/Sakmarian,315.2,290.1,NA,NA,NA,13,NA,NA,NA,NA,Carboniferous
upper Atokan,312,310,21,40,40,13,40,40,40,40,Carboniferous
Westphal C/D,311.7,306.5,22,40,41,13,40,41,40,41,Carboniferous
Westphalian B/C,311.7,306.5,22,40,40,13,40,40,40,40,Carboniferous
Kasimovian,307,303.7,22,41,41,13,41,41,41,41,Carboniferous
lower Kasimovian,307,303.7,22,41,41,13,41,41,41,41,Carboniferous
Missourian,307,303.7,22,41,41,13,41,41,41,41,Carboniferous
upper Missourian,307,303.7,22,41,41,13,41,41,41,41,Carboniferous
Missourian/Virgilian,307,303.7,22,41,42,13,41,42,41,42,Carboniferous
Missourian-Virgillian,307,303.7,22,41,42,13,41,42,41,42,Carboniferous
Stephanian,307,303.7,22,42,42,14,42,42,42,42,Carboniferous
lower Stephanian,307,303.7,22,42,42,14,42,42,42,42,Carboniferous
Gzhelian,303.7,298.9,22,42,42,14,42,42,42,42,Carboniferous
upper Gzhelian,303.7,298.9,22,42,42,14,42,42,42,42,Carboniferous
Virgilian,303.7,298.9,22,42,42,14,42,42,42,42,Carboniferous
Gzhelian-Asselian,303.7,295,22,42,43,14,42,43,42,43,Carboniferous
Virgilian/Asselian,303.7,295,22,42,43,14,42,43,42,43,Carboniferous
Virgilian-Wolfcampian,303.7,290,22,NA,NA,14,NA,NA,NA,NA,Permian
Asselian,298.9,295,23,43,43,14,43,43,43,43,Permian
lower Asselian,298.9,295,23,43,43,14,43,43,43,43,Permian
upper Asselian,298.9,295,23,43,43,14,43,43,43,43,Permian
Asselian/Sakmarian,298.9,290.1,23,43,44,NA,43,44,43,44,Permian
Asselian-Sakmarian,298.9,290.1,23,43,44,14,43,44,43,44,Permian
Bolorian,298.9,290.1,23,43,43,15,43,43,43,43,Permian
Sakmarian/Artinskian,298.9,283.5,23,44,45,15,44,45,44,45,Permian
Sakmarian-Artinskian,298.9,283.5,23,44,45,15,44,45,44,45,Permian
upper Yahtashian,298.9,272.3,23,43,43,15,43,43,43,43,Permian
Virgilian/Wolfcampanian,298,295,23,NA,NA,15,NA,NA,NA,NA,Permian
Longlinian,295,290.1,23,44,44,15,44,44,44,44,Permian
early Sakmarian,295,290.1,23,44,44,15,44,44,44,44,Permian
Sakmarian,295,290.1,23,44,44,15,44,44,44,44,Permian
upper Sakmarian,295,290.1,23,44,44,15,44,44,44,44,Permian
late Wolfcampian 1,295,290.1,23,44,44,15,44,44,44,44,Permian
Wolfcampian,295,290.1,23,44,44,15,44,44,44,44,Permian
lower Sakmarian,295,290.1,23,44,44,15,44,44,44,44,Permian
Artinskian,290.1,283.5,24,45,45,15,45,45,45,45,Permian
early to upper Artinskian,290.1,283.5,24,45,45,15,45,45,45,45,Permian
Early to upper Artinskian,290.1,283.5,24,45,45,15,45,45,45,45,Permian
lower Artinskian,290.1,283.5,24,45,45,15,45,45,45,45,Permian
middle Artinskian,290.1,283.5,24,45,45,15,45,45,45,45,Permian
Wolfcampian-Leonardian,290.1,272.3,24,45,46,15,45,46,45,46,Permian
Kungurian,283.5,272.3,24,46,46,15,46,46,46,46,Permian
upper Kungurian,283.5,272.3,24,46,46,15,46,46,46,46,Permian
Kungurian/Kazanian,283.5,268.8,24,46,47,15,46,47,46,47,Permian
Leonardian,280,270.6,24,46,46,15,46,46,46,46,Permian
lower Leonardian,280,270.6,24,46,46,15,46,46,46,46,Permian
Leonardian (Hessian),280,270.6,24,46,46,15,46,46,46,46,Permian
Leonardian/Guadalupian,280,268,24,NA,NA,15,NA,NA,NA,NA,Permian
Kazanian,272.3,268.8,25,46,47,15,46,47,46,47,Permian
Kazanian/Tartarian,272.3,268.8,25,NA,NA,15,NA,NA,NA,NA,Permian
Kubergandian,272.3,268.8,25,47,47,15,47,47,47,47,Permian
Kubergandian-Murgabian,272.3,268.8,25,47,48,15,47,48,47,48,Permian
Qixiaan,272.3,268.8,25,47,47,16,47,47,47,47,Permian
Roadian,272.3,268.8,25,47,47,16,47,47,47,47,Permian
Ufimian,272.3,268.8,25,46,47,16,46,47,46,47,Permian
Guadalupian,272.3,259.8,25,47,49,16,47,49,47,49,Permian
Qixiaan-Maokouan,272.3,259.8,25,48,48,16,48,48,48,48,Permian
Maokouan,272.3,265.1,25,48,48,16,48,48,48,48,Permian
Murgabian/Dzhulfian,268.8,265.1,25,NA,NA,16,NA,NA,NA,NA,Permian
Murgabian/Midian,268.8,265.1,25,48,49,16,48,49,48,49,Permian
Murgabian-Dzhulfian,268.8,265.1,25,NA,NA,16,NA,NA,NA,NA,Permian
lower Murghabian,268.8,265.1,25,47,48,16,47,48,47,48,Permian
Murghabian,268.8,265.1,25,48,48,16,48,48,48,48,Permian
upper Murghabian,268.8,265.1,25,48,48,16,48,48,48,48,Permian
Wordian,268.8,265.1,25,48,48,16,48,48,48,48,Permian
Wordian-Capitanian,268.8,259.8,25,48,49,16,48,49,48,49,Permian
middle-upper Maokouan,268.8,265.1,25,48,48,16,48,48,48,48,Permian
Upper Maokouan,265.1,265.1,25,49,49,16,49,49,49,49,Permian
upper Maokouan,265.1,265.1,25,49,49,16,49,49,49,49,Permian
upper Moakouan,265.1,265.1,25,49,49,16,49,49,49,49,Permian
Abadehian,265.1,259.8,25,49,49,16,49,49,49,49,Permian
Capitanian,265.1,259.8,25,49,49,16,49,49,49,49,Permian
upper Maokoan,265.1,265.1,25,49,49,16,49,49,49,49,Permian
Midian,265.1,259.8,25,49,49,16,49,49,49,49,Permian
upper Midian,262,259.8,25,49,49,16,49,49,49,49,Permian
Dzhulfian,259.8,254.14,26,50,50,16,50,50,50,50,Permian
Tatarian,259.8,254.14,26,50,50,16,50,50,50,50,Permian
Wuchiapingian,259.8,254.14,26,50,50,16,50,50,50,50,Permian
Lopingian,259.8,252.17,26,50,51,16,50,51,50,51,Permian
Wuchiapingian-Changhsingian,259.8,252.17,26,50,51,16,50,51,50,51,Permian
upper Dzhulfian,256,254,26,50,50,16,50,50,50,50,Permian
Zechstein,254.14,251.9,26,51,51,16,51,51,51,51,Permian
Zechstein 1,254.14,251.9,26,51,51,16,51,51,51,51,Permian
Zechstein 1 (Werra),254.14,251.9,26,51,51,16,51,51,51,51,Permian
Zechstein 2,254.14,251.9,26,51,51,16,51,51,51,51,Permian
Changhsingian,254.1,251.9,26,51,51,16,51,51,51,51,Permian
late Changhsingian,254.1,251.9,26,51,51,16,51,51,51,51,Permian
lower Changhsingian,254.1,253,26,51,51,16,51,51,51,51,Permian
middle-upper Changhsingian,254.1,251.9,26,51,51,16,51,51,51,51,Permian
upper Changhsingian,254.1,251.9,26,51,51,16,51,51,51,51,Permian
Induan,251.9,251.2,27,52,52,17,52,52,52,52,Triassic
Griesbachian,251.9,251.82,27,52,52,17,52,52,52,52,Triassic
Scythian,251.9,247.2,27,52,53,17,52,53,52,53,Triassic
Dienerian,251.82,251.2,27,52,52,17,52,52,52,52,Triassic
Smithian-Spathian,251.2,247.2,27,53,53,17,53,53,53,53,Triassic
Spathian,251.2,247.2,27,53,53,17,53,53,53,53,Triassic
middle-upper Scythian,250,247.2,27,53,53,17,53,53,53,53,Triassic
Anisian,247.2,242,28,54,54,17,54,54,54,54,Triassic
late Anisian,247.2,242,28,54,54,17,54,54,54,54,Triassic
latest Anisian,247.2,242,28,54,54,17,54,54,54,54,Triassic
middle Anisian,247.2,242,28,54,54,17,54,54,54,54,Triassic
upper Anisian,247.2,242,28,54,54,17,54,54,54,54,Triassic
late Illyrian,247.2,242,28,54,54,17,54,54,54,54,Triassic
Illyrian-Fassanian,247.2,242,28,54,54,17,54,54,54,54,Triassic
Anisian/Ladinian,247.2,237,28,54,55,17,54,55,54,55,Triassic
Anisian-Ladinian,247.2,237,28,54,55,17,54,55,54,55,Triassic
Ladinian,242,237,28,55,55,17,55,55,55,55,Triassic
late Ladinian,242,237,28,55,55,17,55,55,55,55,Triassic
middle Ladinian,242,237,28,55,55,17,55,55,55,55,Triassic
upper Ladinian,242,237,28,55,55,17,55,55,55,55,Triassic
late Ladinian - early Carnian,242,237,28,55,56,17,55,56,55,56,Triassic
Longobardian,242,237,28,55,55,17,55,55,55,55,Triassic
Ladinian/Carnian,242,227,28,55,56,17,55,56,55,56,Triassic
Ladinian-Carnian,242,227,28,55,56,17,55,56,55,56,Triassic
Cordevolian,237,227,29,56,56,17,56,56,56,56,Triassic
Julian,237,227,29,56,56,17,56,56,56,56,Triassic
Tuvalian,237,227,29,56,56,17,56,56,56,56,Triassic
upper Tuvalian,237,227,29,56,56,17,56,56,56,56,Triassic
Upper Triassic,237,201.3,29,56,56,17,56,56,56,56,Triassic
early Carnian,235,233,29,56,56,17,56,56,56,56,Triassic
early(?) Carnian,235,233,29,56,56,17,56,56,56,56,Triassic
lower Carnian,235,233,29,56,56,17,56,56,56,56,Triassic
Carnian,235,228,29,56,56,17,56,56,56,56,Triassic
Carnian/Norian,235,208.5,29,56,57,18,56,57,56,57,Triassic
Carnian-Norian,235,208.5,29,56,57,18,56,57,56,57,Triassic
middle Carnian,232,230,29,56,56,18,56,56,56,56,Triassic
early late Carnian,230,228,29,56,56,18,56,56,56,56,Triassic
middle-late Carnian,230,228,29,56,56,18,56,56,56,56,Triassic
upper Carnian,230,228,29,56,56,18,56,56,56,56,Triassic
Lacian,228,220,30,57,57,18,57,57,57,57,Triassic
early-middle Norian,228,208.5,30,57,57,18,57,57,57,57,Triassic
late Norian,228,208.5,30,57,57,18,57,57,57,57,Triassic
lower Norian,228,208.5,30,57,57,18,57,57,57,57,Triassic
lower Upper Norian,228,208.5,30,57,57,18,57,57,57,57,Triassic
middle Norian,228,208.5,30,57,57,18,57,57,57,57,Triassic
middle/upper Norian,228,208.5,30,57,57,18,57,57,57,57,Triassic
Norian,228,208.5,30,57,57,18,57,57,57,57,Triassic
Norian/Rhaetian,228,201.3,30,57,58,18,57,58,57,58,Triassic
Norian-Rhaetian,228,201.3,30,57,58,18,57,58,57,58,Triassic
upper Norian,214,208.5,30,57,57,18,57,57,57,57,Triassic
early Sevatian,214,208.5,30,57,57,18,57,57,57,57,Triassic
Sevatian,214,208.5,30,57,57,18,57,57,57,57,Triassic
Sevatian-Rhaetian,214,201.3,30,57,58,18,57,58,57,58,Triassic
Rhaetian,208.5,201.3,30,58,58,18,58,58,58,58,Triassic
upper Rhaetian,204,201.3,30,58,58,18,58,58,58,58,Triassic
Hettangian,201.3,199.3,31,59,59,19,59,59,59,59,Jurassic
lower Hettangian,201.3,199.3,31,59,59,19,59,59,59,59,Jurassic
Hettangian?,201.3,199.3,31,59,59,19,59,59,59,59,Jurassic
Hettangian/Sinemurian,201.3,190.8,31,59,60,19,59,60,59,60,Jurassic
Lower Jurassic,201.3,174,31,NA,NA,19,NA,NA,NA,NA,Jurassic
middle-upper Liassic,201,174,31,60,62,19,60,62,60,62,Jurassic
Sinemurian,199.3,190.8,31,60,60,19,60,60,60,60,Jurassic
upper Sinemurian,199.3,190.8,31,60,60,19,60,60,60,60,Jurassic
Sinemurian?,199.3,190.8,31,60,60,19,60,60,60,60,Jurassic
lower Sinemurian,199.3,190.8,31,60,60,19,60,60,60,60,Jurassic
Sinemurian/Pliensbachian,199.3,182.7,31,60,61,19,60,61,60,61,Jurassic
Sinemurian-Pliensbachian,199.3,182.7,31,60,61,19,60,61,60,61,Jurassic
Carixian,190.8,182.7,32,61,61,19,61,61,61,61,Jurassic
Domerian,190.8,182.7,32,61,61,19,61,61,61,61,Jurassic
lower-middle Pliensbachian,190.8,182.7,32,61,61,19,61,61,61,61,Jurassic
Pliensbachian,190.8,182.7,32,61,61,19,61,61,61,61,Jurassic
upper Pliensbachian,190.8,182.7,32,61,61,19,61,61,61,61,Jurassic
Pliensbachian?,190.8,182.7,32,61,61,19,61,61,61,61,Jurassic
lower Pliensbachian,190.8,182.7,32,61,61,19,61,61,61,61,Jurassic
Pliensbachian/Toarcian,190.8,174.1,32,61,62,19,61,62,61,62,Jurassic
(early?) Toarcian,182.7,174.1,33,62,62,19,62,62,62,62,Jurassic
Toarcian,182.7,174.1,33,62,62,19,62,62,62,62,Jurassic
Toarcian/Aalenian,182.7,170.3,33,62,63,19,62,63,62,63,Jurassic
Aalenian,174.1,170.3,33,63,63,20,63,63,63,63,Jurassic
early? Aalenian,174.1,170.3,33,63,63,20,63,63,63,63,Jurassic
upper Aalenian,174.1,170.3,33,63,63,20,63,63,63,63,Jurassic
Middle Jurassic,174.1,163.5,34,NA,NA,20,NA,NA,NA,NA,Jurassic
Aalenian/Bajocian,171.1,168.3,33,63,64,20,63,64,63,64,Jurassic
Aalenian/lower Bajocian,171.1,168.3,33,63,64,20,63,64,63,64,Jurassic
Aalenian-Bajocian,171.1,168.3,33,63,64,20,63,64,63,64,Jurassic
Bajocian,170.3,168.3,34,64,64,20,64,64,64,64,Jurassic
lower Bajocian,170.3,168.3,34,64,64,20,64,64,64,64,Jurassic
middle Bajocian,170.3,168.3,34,64,64,20,64,64,64,64,Jurassic
Bajocian/Bathonian,170.3,166.1,34,64,65,20,64,65,64,65,Jurassic
Bajocian-Bathonian,170.3,166.1,34,64,65,20,64,65,64,65,Jurassic
Bathonian,168.3,166.1,34,65,65,20,65,65,65,65,Jurassic
lower Bathonian,168.3,166.1,34,65,65,20,65,65,65,65,Jurassic
middle Bathonian,168.3,166.1,34,65,65,20,65,65,65,65,Jurassic
upper Bathonian,168.3,166.1,34,65,65,21,65,65,65,65,Jurassic
Bathonian/Callovian,168.3,163.5,34,65,66,21,65,66,65,66,Jurassic
Bathonian-Callovian,168.3,163.5,34,65,66,21,65,66,65,66,Jurassic
middle-upper Callovian,166.1,163.5,35,66,66,21,66,66,66,66,Jurassic
Callovian,166.1,163.5,35,66,66,21,66,66,66,66,Jurassic
Callovian-Oxfordian,166.1,157.3,35,66,67,21,66,67,66,67,Jurassic
early Callovian,166.1,163.5,35,66,66,21,66,66,66,66,Jurassic
upper Callovian,164.5,163.5,35,66,66,21,66,66,66,66,Jurassic
Late(?) Oxfordian,163.5,157.3,35,67,67,21,67,67,67,67,Jurassic
lower Oxfordian,163.5,157.3,35,67,67,21,67,67,67,67,Jurassic
Oxfordian,163.5,157.3,35,67,67,21,67,67,67,67,Jurassic
middle Oxfordian,163.5,157.3,35,67,67,21,67,67,67,67,Jurassic
middle/upper Oxfordian,163.5,157.3,35,67,67,21,67,67,67,67,Jurassic
middle-late Oxfordian,163.5,157.3,35,67,67,21,67,67,67,67,Jurassic
middle-upper Oxfordian,163.5,157.3,35,67,67,21,67,67,67,67,Jurassic
upper middle Oxfordian,163.5,157.3,35,67,67,21,67,67,67,67,Jurassic
upper Oxfordian,163.5,157.3,35,67,67,21,67,67,67,67,Jurassic
lower-middle Oxfordian?,163.5,157.3,35,67,67,21,67,67,67,67,Jurassic
Oxfordian?,163.5,157.3,35,67,67,21,67,67,67,67,Jurassic
lower Oxfordian?,163.5,157.3,35,67,67,21,67,67,67,67,Jurassic
lower-middle Oxfordian,163.5,157.3,35,67,67,21,67,67,67,67,Jurassic
Oxfordian-Kimmeridgian,163.5,152.1,35,67,68,21,67,68,67,68,Jurassic
Upper Jurassic,163.5,145,35,67,69,21,67,69,67,69,Jurassic
late Oxfordian-Kimmeridgian,163.5,152.1,35,67,68,21,67,68,67,68,Jurassic
Oxfordian/Kimmeridgian,157.3,157.3,35,67,68,21,67,68,67,68,Jurassic
Kimmeridgian,157.3,152.1,35,68,68,21,68,68,68,68,Jurassic
Lower Kimmeridgian,157.3,152.1,35,68,68,21,68,68,68,68,Jurassic
lower Kimmeridgian,157.3,152.1,35,68,68,21,68,68,68,68,Jurassic
middle Kimmeridgian,157.3,152.1,35,68,68,21,68,68,68,68,Jurassic
upper Kimmeridgian,157.3,152.1,35,68,68,21,68,68,68,68,Jurassic
topmost Kimmeridgian,157.3,152.1,35,68,68,21,68,68,68,68,Jurassic
Kimmeridgian/Tithonian,157.3,145,35,68,69,21,68,69,68,69,Jurassic
Kimmeridgian-early Tithonian,157.3,145,35,68,69,21,68,69,68,69,Jurassic
Kimmeridgian-Tithonian,157.3,145,35,68,69,21,68,69,68,69,Jurassic
early Tithonian,152.1,145,36,69,69,21,69,69,69,69,Jurassic
Tithonian,152.1,145,36,69,69,22,69,69,69,69,Jurassic
middle? Tithonian,152.1,145,36,69,69,21,69,69,69,69,Jurassic
upper Tithonian,152.1,145,36,69,69,22,69,69,69,69,Jurassic
Tithonian (Portlandian),152.1,145,36,69,69,22,69,69,69,69,Jurassic
late Titonian,152.1,145,36,69,69,22,69,69,69,69,Jurassic
lower Tithonian,152.1,145,36,69,69,21,69,69,69,69,Jurassic
lower-middle Tithonian,152.1,145,36,69,69,21,69,69,69,69,Jurassic
Tithonian/Berriasian,152.1,139.8,36,69,70,22,69,70,69,70,Jurassic
Tithonian-Berriasian,152.1,139.8,36,69,70,22,69,70,69,70,Jurassic
Berriasian,145,139.8,37,70,70,22,70,70,70,70,Cretaceous
lower Berriasian,145,139.8,37,70,70,22,70,70,70,70,Cretaceous
upper Berriasian,145,139.8,37,70,70,22,70,70,70,70,Cretaceous
Neocomian,145,133,37,70,72,22,70,72,70,72,Cretaceous
Berriasian/Valanginian,145,132.9,37,70,71,22,70,71,70,71,Cretaceous
Berriasian-Valanginian,145,132.9,37,70,71,22,70,71,70,71,Cretaceous
Lower Cretaceous,145,100.5,NA,NA,NA,NA,NA,NA,NA,NA,Cretaceous
Necomian-lower Aptian,140,124,37,NA,NA,NA,NA,NA,NA,NA,Cretaceous
upper Valanginian,139.8,132.9,37,71,71,23,71,71,71,71,Cretaceous
Valanginian,139.8,132.9,37,71,71,23,71,71,71,71,Cretaceous
lower Valanginian,139.8,132.9,37,71,71,22,71,71,71,71,Cretaceous
Valanginian-Hauterivian,139.8,129.4,37,71,72,23,71,72,71,72,Cretaceous
Valanginian-Barremian,139.8,125,37,71,73,23,71,73,71,73,Cretaceous
Hauterivian,132.9,129.4,38,72,72,23,72,72,72,72,Cretaceous
Lower Hauterivian,132.9,129.4,38,72,72,23,72,72,72,72,Cretaceous
lower Hauterivian,132.9,129.4,38,72,72,23,72,72,72,72,Cretaceous
upper Hauterivian,132.9,129.4,38,72,72,23,72,72,72,72,Cretaceous
upper Hauterivian?,132.9,129.4,38,72,72,23,72,72,72,72,Cretaceous
Hauterivian-Barremian,132.9,125,38,72,73,23,72,73,72,73,Cretaceous
Barremian,129.4,125,38,73,73,23,73,73,73,73,Cretaceous
early Barremian,129.4,125,38,73,73,23,73,73,73,73,Cretaceous
late Barremian,129.4,125,38,73,73,23,73,73,73,73,Cretaceous
lower Barremian,129.4,125,38,73,73,23,73,73,73,73,Cretaceous
upper Barremian,129.4,125,38,73,73,23,73,73,73,73,Cretaceous
Barremian/Aptian,129.4,113,38,73,74,23,73,74,73,74,Cretaceous
Barremian-Aptian,129.4,113,38,73,74,23,73,74,73,74,Cretaceous
Barremian-early Aptian,129.4,113,38,73,74,23,73,74,73,74,Cretaceous
Aptian,125,113,39,74,74,23,74,74,74,74,Cretaceous
Lower Aptian,125,120,39,74,74,23,74,74,74,74,Cretaceous
lower Aptian,125,120,39,74,74,23,74,74,74,74,Cretaceous
middle Aptian,125,113,39,74,74,24,74,74,74,74,Cretaceous
upper Aptian,125,113,39,74,74,24,74,74,74,74,Cretaceous
Urgonian?,125,113,39,NA,NA,24,NA,NA,NA,NA,Cretaceous
Aptian-Albian,125,100.5,39,74,75,24,74,75,74,75,Cretaceous
upper Aptian-Albian,125,100.5,39,74,75,24,74,75,74,75,Cretaceous
Aptian-Cenomanian,125,93.9,39,74,76,24,74,76,74,76,Cretaceous
middle Aptian-Cenomanian,125,93.9,39,74,76,24,74,76,74,76,Cretaceous
Aptian/Albian,125,104,39,74,75,24,74,75,74,75,Cretaceous
late Aptian-earliest Albian,125,111,39,74,75,24,74,75,74,75,Cretaceous
late Aptian-early Albian,125,111,39,74,75,24,74,75,74,75,Cretaceous
lower Albian,113,100.5,40,75,75,24,75,75,75,75,Cretaceous
Albian,113,100.5,40,75,75,24,75,75,75,75,Cretaceous
middle Albian,113,100.5,40,75,75,24,75,75,75,75,Cretaceous
middle-upper Albian,113,100.5,40,75,75,24,75,75,75,75,Cretaceous
upper Albian,113,100.5,40,75,75,24,75,75,75,75,Cretaceous
Vraconian,113,100.5,40,75,75,24,75,75,75,75,Cretaceous
lower-middle Albian,113,100.5,40,75,75,24,75,75,75,75,Cretaceous
Albian/Cenomanian,113,93.9,40,75,76,24,75,76,75,76,Cretaceous
Albian-Cenomanian,113,93.9,40,75,76,24,75,76,75,76,Cretaceous
Cenomanian,100.5,93.9,41,76,76,24,76,76,76,76,Cretaceous
late Cenomanian,100.5,93.9,41,76,76,24,76,76,76,76,Cretaceous
latest Cenomanian,100.5,93.9,41,76,76,24,76,76,76,76,Cretaceous
lower Cenomanian,100.5,93.9,41,76,76,24,76,76,76,76,Cretaceous
middle Cenomanian,100.5,93.9,41,76,76,24,76,76,76,76,Cretaceous
middle-upper Cenomanian,100.5,93.9,41,76,76,24,76,76,76,76,Cretaceous
upper Cenomanian,100.5,93.9,41,76,76,24,76,76,76,76,Cretaceous
Cenomanian/Turonian,100.5,89.8,41,76,77,25,76,77,76,77,Cretaceous
Cenomanian-Turonian,100.5,89.8,41,76,77,25,76,77,76,77,Cretaceous
late Cenomanian-Turonian,100.5,89.8,41,76,77,25,76,77,76,77,Cretaceous
Cenomanian-Santonian,100.5,83.6,41,NA,NA,25,NA,NA,NA,NA,Cretaceous
Upper Cretaceous,100.5,66,NA,NA,NA,25,NA,NA,NA,NA,Cretaceous
middle Turonian,93.9,89.8,42,77,77,25,77,77,77,77,Cretaceous
Turonian,93.9,89.8,42,77,77,25,77,77,77,77,Cretaceous
upper Turonian,93.9,89.8,42,77,77,25,77,77,77,77,Cretaceous
lower Turonian,93.9,89.8,42,77,77,25,77,77,77,77,Cretaceous
Turonian/Coniacian,93.9,86.3,42,77,78,25,77,78,77,78,Cretaceous
Turonian-Coniacian,93.9,86.3,42,77,78,25,77,78,77,78,Cretaceous
Turonian-Campanian,93.9,72.1,42,NA,NA,25,NA,NA,NA,NA,Cretaceous
early Coniacian,89.8,86.3,42,78,78,25,78,78,78,78,Cretaceous
lower Middle Coniacian,89.8,86.3,42,78,78,25,78,78,78,78,Cretaceous
Coniacian,89.8,86.3,42,78,78,25,78,78,78,78,Cretaceous
middle Coniacian,89.8,86.3,42,78,78,25,78,78,78,78,Cretaceous
upper Coniacian,89.8,86.3,42,78,78,25,78,78,78,78,Cretaceous
lower Coniacian,89.8,86.3,42,78,78,25,78,78,78,78,Cretaceous
lowermost Coniacian,89.8,86.3,42,78,78,25,78,78,78,78,Cretaceous
Coniacian/Santonian,89.8,83.6,42,78,79,25,78,79,78,79,Cretaceous
Coniacian-Santonian,89.8,83.6,42,78,79,25,78,79,78,79,Cretaceous
Coniacian-early Campanian,89.8,72.1,42,78,80,25,78,80,78,80,Cretaceous
Santonian,86.3,83.6,42,79,79,25,79,79,79,79,Cretaceous
upper Santonian,86.3,83.6,42,79,79,25,79,79,79,79,Cretaceous
lower Santonian,86.3,83.6,42,79,79,25,79,79,79,79,Cretaceous
Santonian/Campanian,86.3,72.1,42,79,80,25,79,80,79,80,Cretaceous
Santonian-Campanian,86.3,72.1,42,79,80,25,79,80,79,80,Cretaceous
Campanian,83.6,72.1,43,80,80,26,80,80,80,80,Cretaceous
late Campanian,83.6,72.1,43,80,80,26,80,80,80,80,Cretaceous
lower Campanian,83.6,72.1,43,80,80,25,80,80,80,80,Cretaceous
upper Campanian,83.6,72.1,43,80,80,26,80,80,80,80,Cretaceous
Campanian/Maastrichtian,83.6,66,43,80,81,26,80,81,80,81,Cretaceous
Campanian-Maastrichtian,83.6,66,43,80,81,26,80,81,80,81,Cretaceous
late Maastrichtian,72.1,66,44,81,81,26,81,81,81,81,Cretaceous
lower Maastrichtian,72.1,66,44,81,81,26,81,81,81,81,Cretaceous
Maastrichtian,72.1,66,44,81,81,26,81,81,81,81,Cretaceous
middle Maastrichtian,72.1,66,44,81,81,26,81,81,81,81,Cretaceous
Middle-Upper Maastrichtian,72.1,66,44,81,81,26,81,81,81,81,Cretaceous
upper Maastrichtian,72.1,66,44,81,81,26,81,81,81,81,Cretaceous
Maastrichtian/Danian,72.1,61.6,44,81,82,26,81,82,81,82,Cretaceous
Maastrichtian-Danian,72.1,61.6,44,81,82,26,81,82,81,82,Cretaceous
Maastrichtian/Paleocene,72.1,56,44,81,82,26,81,82,81,82,Cretaceous
Danian,66,61.6,45,82,82,27,82,82,82,82,Paleogene
lower middle Danian,66,61.6,45,82,82,27,82,82,82,82,Paleogene
middle Danian,66,61.6,45,82,82,27,82,82,82,82,Paleogene
upper Danian,66,61.6,45,82,82,27,82,82,82,82,Paleogene
early Paleocene,66,61.6,45,82,82,27,82,82,82,82,Paleogene
lower Danian,66,61.6,45,82,82,27,82,82,82,82,Paleogene
lower Paleocene,66,61.6,45,82,82,27,82,82,82,82,Paleogene
lower-middle Paleocene,66,61.6,45,82,82,27,82,83,82,82,Paleogene
Paleocene,66,56,45,82,83,27,82,84,82,83,Paleogene
Paleocene/Eocene,66,33.9,45,NA,NA,27,NA,NA,NA,NA,Paleogene
Selandian,61.6,59.2,45,82,82,27,83,83,83,83,Paleogene
middle-late Paleocene,61.6,56,45,82,83,27,83,84,83,83,Paleogene
Selandian-Thanetian,61.6,56,45,82,83,27,83,84,83,83,Paleogene
lower Landenian,59.2,56,45,83,83,27,84,84,83,83,Paleogene
Upper Paleocene,59.2,56,45,83,83,27,84,84,83,83,Paleogene
upper? Paleocene,59.2,56,45,83,83,27,84,84,83,83,Paleogene
early Thanetian,59.2,56,45,83,83,27,84,84,83,83,Paleogene
Thanetian,59.2,56,45,83,83,27,84,84,83,83,Paleogene
upper Thanetian,59.2,56,45,83,83,27,84,84,83,83,Paleogene
Thanetian-Ypresian,59.2,47.8,45,83,84,27,84,85,83,84,Paleogene
Ilerdian,56,47.8,46,84,84,27,85,85,84,84,Paleogene
early Eocene,56,47.8,46,84,84,27,86,86,85,85,Paleogene
lower Eocene,56,47.8,46,84,84,27,86,86,85,85,Paleogene
Ypresian,56,47.8,46,84,84,27,86,86,85,85,Paleogene
Eocene,56,33.9,NA,NA,NA,28,NA,NA,NA,NA,Paleogene
Eocene/Oligocene,56,23,NA,NA,NA,NA,NA,NA,NA,NA,Paleogene
Eocene-Oligocene,56,23,NA,NA,NA,NA,NA,NA,NA,NA,Paleogene
lower Lutetian,47.8,41.3,46,85,85,28,87,87,86,86,Paleogene
Lutetian,47.8,41.3,46,85,85,28,87,87,86,86,Paleogene
upper Lutetian,47.8,41.3,46,85,85,28,87,87,86,86,Paleogene
Middle Eocene,47.8,38,47,85,86,28,87,88,86,87,Paleogene
lower Middle Eocene,47.8,38,46,85,85,28,87,87,86,86,Paleogene
Middle Eocene?,47.8,38,46,85,86,28,87,88,86,87,Paleogene
Lutetian-Bartonian,47.8,38,46,86,86,28,87,88,86,87,Paleogene
Bartonian,41.3,38,47,86,86,28,88,88,87,87,Paleogene
late Eocene,38,33.9,47,87,87,29,89,89,88,88,Paleogene
middle to late Eocene,38,33.9,47,NA,NA,28,NA,NA,NA,NA,Paleogene
Middle-Late Eocene,38,33.9,47,NA,NA,28,NA,NA,NA,NA,Paleogene
Upper Eocene,38,33.9,47,87,87,29,89,89,88,88,Paleogene
lowermost Priabonian,38,33.9,47,87,87,29,89,89,88,88,Paleogene
Priabonian,38,33.9,47,87,87,29,89,89,88,88,Paleogene
lower Priabonian,38,33.9,47,87,87,29,89,89,88,88,Paleogene
lower Rupelian,33.9,30,48,88,88,29,90,90,89,89,Paleogene
Latdorfian,33.9,28.1,48,88,88,29,90,90,89,89,Paleogene
Early Oligocene,33.9,28.1,48,88,88,29,90,90,89,89,Paleogene
lower Oligocene,33.9,28.1,48,88,88,29,90,90,89,89,Paleogene
Rupelian,33.9,28.1,48,88,88,29,90,90,89,89,Paleogene
Early-Late Oligocene,33.9,23.03,48,88,89,29,90,91,89,89,Paleogene
Oligocene,33.9,23.03,48,88,89,30,90,91,89,89,Paleogene
Rupelian-Chattian,33.9,23.03,48,88,89,30,90,91,89,90,Paleogene
Oligocene/Miocene,33.9,5.33,48,NA,NA,30,NA,NA,NA,NA,Paleogene
Oligocene-Miocene,33.9,5.33,48,NA,NA,30,NA,NA,NA,NA,Paleogene
middle Oligocene,32,26,48,88,88,29,90,90,89,90,Paleogene
upper lower Oligocene,31,28.1,48,88,88,29,90,90,89,89,Paleogene
lower Chattian,28.1,27.5,48,89,89,30,91,91,90,90,Paleogene
early late Oligocene,28.1,26,48,89,89,30,91,91,90,90,Paleogene
Chattian,28.1,23.03,48,89,89,30,91,91,90,90,Paleogene
Chattian?,28.1,23.03,48,89,89,30,91,91,90,90,Paleogene
Chattian-Aquitanian,28.1,23.03,48,89,90,30,91,92,90,91,Paleogene
Late Oligocene,28.1,23.03,48,89,89,30,91,91,90,90,Paleogene
Upper Oligocene,28.1,23.03,48,89,89,30,91,91,90,90,Paleogene
Chattian/Aquitanian,28.1,20.44,48,89,90,30,91,92,90,91,Paleogene
Chattian-Burdigalian,28.1,15.97,48,89,90,30,91,92,90,92,Paleogene
late Oligocene/Miocene,28.1,5.33,48,NA,NA,30,NA,NA,NA,NA,Paleogene
middle Chattian,27.5,25,48,89,89,30,91,91,90,90,Paleogene
late Chattian,25,23.03,48,89,89,30,91,91,90,90,Paleogene
latest Oligocene,25,23.03,48,89,89,30,91,91,90,90,Paleogene
early Aquitanian,23.03,22,49,90,90,30,92,92,91,91,Neogene
early Early Miocene,23.03,20.44,49,90,90,30,92,92,91,91,Neogene
Aquitanian,23.03,20.44,49,90,90,30,92,92,91,91,Neogene
Early Miocene,23.03,15.97,49,90,90,NA,92,93,91,92,Neogene
Lower Miocene,23.03,15.97,49,90,90,NA,92,93,91,92,Neogene
Early(?) Miocene,23.03,15.97,49,90,90,NA,92,93,91,92,Neogene
lower Miocene,23.03,15.97,49,90,90,NA,92,93,91,92,Neogene
early to middle Miocene,23.03,11.63,49,NA,NA,31,NA,NA,NA,NA,Neogene
Early/Middle Miocene,23.03,11.63,49,NA,NA,31,NA,NA,NA,NA,Neogene
Early-Middle Miocene,23.03,11.63,49,NA,NA,31,NA,NA,NA,NA,Neogene
Miocene,23.03,5.33,NA,NA,NA,NA,NA,NA,NA,NA,Neogene
late Aquitanian,23,22,49,90,90,30,92,92,91,91,Neogene
Aquitanian-Burdigalian,23,16,49,90,90,30,92,93,91,92,Neogene
middle Aquitanian,22,21,49,90,90,30,92,92,91,91,Neogene
Lower Burdigalian,20.44,17.5,49,90,90,31,93,93,92,92,Neogene
lower Burdigalian,20.44,17.5,49,90,90,31,93,93,92,92,Neogene
Burdigalian?,20.44,15.97,49,90,90,31,93,93,92,92,Neogene
Burdigalian,20.44,15.97,49,90,90,31,93,93,92,92,Neogene
Eggenburgian,20.44,15.97,49,90,90,31,93,93,92,92,Neogene
upper lower Miocene,20.44,15.97,49,90,90,31,93,93,92,92,Neogene
Burdigalian/Langhian,20.44,13.82,49,90,91,31,93,94,92,93,Neogene
Burdigalian-Langhian,20.44,13.82,49,90,91,31,93,94,92,93,Neogene
Miocene/Pliocene,20,2.58,50,NA,NA,32,NA,NA,NA,NA,Neogene
Miocene-Pliocene,20,2.58,50,NA,NA,32,NA,NA,NA,NA,Neogene
Mio-Pliocene,20,2.58,50,NA,NA,32,NA,NA,NA,NA,Neogene
upper Burdigalian,17.5,15.97,49,90,90,31,93,93,92,92,Neogene
Langhian,15.97,13.82,49,91,91,31,94,94,93,93,Neogene
Badenian,15.97,13.82,49,91,91,31,94,94,93,93,Neogene
lower Badenian,15.97,13.82,49,91,91,31,94,94,93,93,Neogene
middle/late Badenian,15.97,13.82,49,91,91,31,94,94,93,93,Neogene
upper Badenian,15.97,13.82,49,91,91,31,94,94,93,93,Neogene
early Middle Miocene,15.97,13.82,49,91,91,31,94,94,93,93,Neogene
lower-middle Miocene,15.97,13.82,49,91,91,31,94,94,93,93,Neogene
Langhian-Serravallian,15.97,11.63,49,91,91,31,94,95,93,94,Neogene
Middle Miocene,15.97,11.63,49,91,91,31,94,95,93,94,Neogene
mid- Miocene,15.97,11.63,49,91,91,31,94,95,93,94,Neogene
middle Miocene?,15.97,11.63,49,91,91,31,94,95,93,94,Neogene
Middle/Upper Miocene,15.97,5.33,49,91,91,31,NA,NA,NA,NA,Neogene
Chokrakian,15.3,13.8,49,91,91,31,94,94,93,93,Neogene
late Langhian,14.8,13.82,49,91,91,31,94,94,93,93,Neogene
lower Sarmatian,13.82,12.5,49,91,91,31,95,95,94,94,Neogene
upper Helvetian,13.82,11.63,49,91,91,31,94,94,93,93,Neogene
late middle Miocene,13.82,11.63,49,91,91,31,95,95,94,94,Neogene
upper middle Miocene,13.82,11.63,49,91,91,31,95,95,94,94,Neogene
Serravallian,13.82,11.63,49,91,91,31,95,95,94,94,Neogene
mid-Miocene,13.82,11.63,49,91,91,31,94,95,93,94,Neogene
Karaganian,13.82,13.4,49,91,91,31,95,95,94,94,Neogene
lower Serravallian,13.82,12.7,49,91,91,31,95,95,94,94,Neogene
Konkian,13.4,12.6,49,91,91,31,95,95,94,94,Neogene
Sarmatian,12.7,11.63,49,91,91,31,95,95,94,94,Neogene
middle Sarmatian,12.5,11.8,49,91,91,31,95,95,94,94,Neogene
lower Tortonian,11.63,9,50,92,92,32,96,96,95,95,Neogene
Tortonian,11.63,7.25,50,92,92,32,96,96,95,95,Neogene
Upper Miocene,11.63,5.33,50,92,92,32,96,97,95,96,Neogene
late Miocene,11.63,5.33,50,92,92,32,96,97,95,96,Neogene
Late Miocene?,11.63,5.33,50,92,92,32,96,97,95,96,Neogene
Tortonian/Messinian,11.63,5.33,50,92,92,32,96,97,95,96,Neogene
Tortonian-Messinian,11.63,5.33,50,92,92,32,96,97,95,96,Neogene
Late Miocene/Pliocene,11.63,2.58,50,92,93,32,96,98,95,97,Neogene
upper Miocene/Pliocene,11.63,2.58,50,92,93,32,96,98,95,97,Neogene
upper Miocene-Pliocene,11.63,2.58,50,92,93,32,96,98,95,97,Neogene
upper Miocene - Pliocene,11.63,2.58,50,92,93,32,96,98,95,97,Neogene
Chersonian,11,9,50,92,92,32,96,96,95,95,Neogene
mid-late Tortonian,10,7.25,50,92,92,32,96,96,95,95,Neogene
late Tortonian,9,7.25,50,92,92,32,96,96,95,95,Neogene
upper Tortonian,9,7.25,50,92,92,32,96,96,95,95,Neogene
lower Messinian,7.25,6,50,92,92,32,97,97,96,96,Neogene
Messinian,7.25,5.33,50,92,92,32,97,97,96,96,Neogene
upper Messinian,6,5.33,50,92,92,32,97,97,96,96,Neogene
Zanclean,5.33,3.6,50,93,93,32,98,98,97,97,Neogene
lower Pliocene,5.33,3.6,50,93,93,32,98,98,97,97,Neogene
lower-middle Pliocene,5.33,3,50,93,93,32,98,98,97,97,Neogene
Pliocene,5.33,2.58,50,93,93,32,98,98,97,97,Neogene
Pliocene/Pleistocene,5.33,0.01,50,93,94,32,98,99,97,98,Neogene
Pliocene-Pleistocene,5.33,0.01,50,93,94,32,98,99,97,98,Neogene
Pliocene-Pleistocene?,5.33,0.01,50,93,94,32,98,99,97,98,Neogene
middle Pliocene,3.6,3,50,93,93,32,98,98,97,97,Neogene
late Pliocene,3.6,2.58,50,93,93,32,98,98,97,97,Neogene
Upper Pliocene,3.6,2.58,50,93,93,32,98,98,97,97,Neogene
upper Pliocene?,3.6,2.58,50,93,93,32,98,98,97,97,Neogene
late Pliocene-Pleistocene,3.6,0.78,50,94,94,33,98,99,97,98,Neogene
earliest Pleistocene,2.58,2,50,94,94,33,99,99,98,98,Quaternary
Gelasian,2.58,1.8,50,94,94,33,99,99,98,98,Quaternary
lower-middle Pleistocene,2.58,0.78,50,94,94,33,99,99,98,98,Quaternary
Pleistocene,2.58,0.01,50,94,94,33,99,99,98,98,Quaternary
early Pleistocene,2.5,1.8,50,94,94,33,99,99,98,98,Quaternary
lower Pleistocene,2.5,1.8,50,94,94,33,99,99,98,98,Quaternary
middle Pleistocene,0.78,0.13,50,94,94,33,99,99,98,98,Quaternary
middle/late Pleistocene,0.78,0.01,50,94,94,33,99,99,98,98,Quaternary
middle-upper Pleistocene,0.78,0.01,50,94,94,33,99,99,98,98,Quaternary
late Pleistocene,0.13,0.01,50,94,94,33,99,99,98,98,Quaternary
upper Pleistocene,0.13,0.01,50,94,94,33,99,99,98,98,Quaternary
Tyrrhenian,0.12,0.01,50,94,94,33,99,99,98,98,Quaternary
Holocene,0.01,0,50,95,95,34,100,100,99,99,Quaternary
Recent,0,0,NA,95,95,34,100,100,99,99,Quaternary
Fortunian,539,529,2,4,4,1,4,4,4,4,Cambrian
Stage 2,529,521,3,5,5,1,5,5,5,5,Cambrian
Stage 3,521,514,3,6,6,1,6,6,6,6,Cambrian
Stage 4,514,509,3,7,7,1,7,7,7,7,Cambrian
Wuliuan,509,504.5,4,8,8,1,8,8,8,8,Cambrian
Drumian,504.5,500.5,4,9,9,2,9,9,9,9,Cambrian
Guzhangian,500.5,497,4,10,10,2,10,10,10,10,Cambrian
Paibian,497,494,5,11,11,2,11,11,11,11,Cambrian
Jiangshanian,494,489.5,5,12,12,3,12,12,12,12,Cambrian
Stage 10,489.5,485.4,5,13,13,3,13,13,13,13,Cambrian
