"accepted_genus","family","genus","coloniality","n","source","description"
"Acervularia","Acervulariidae","Acervularia","colonial",40,"",""
"Diplophyllum","Acervulariidae","Diplophyllum","colonial",7,"",""
"Rhapidophyllum","Acervulariidae","Rhapidophyllum","",3,"",""
"Oliveria","Acervulariidae","Oliveria","solitary",1,"",""
"Acrocyathus","Acrocyathidae","Acrocyathus","colonial",8,"",""
"Acrophyllum","Acrophyllidae","Acrophyllum","solitary",8,"",""
"Scenophyllum","Acrophyllidae","Scenophyllum","solitary",5,"",""
"Adamanophyllum","Adamanophyllidae","Adamanophyllum","solitary",1,"",""
"Flagellophyllum","Adamanophyllidae","Flagellophyllum","colonial",0,"",""
"Tachyphyllum","Adamanophyllidae","Tachyphyllum","solitary",0,"",""
"Amplexus","Amplexidae","Amplexus","solitary",141,"",""
"Heterophrentis","Amplexidae","Heterophrentis","solitary",124,"",""
"Lindstroemophyllum","Amplexidae","Lindstroemophyllum","solitary",4,"",""
"Arnplexus","Amplexidae","Arnplexus","solitary",3,"",""
"Bordenia","Amplexidae","Bordenia","solitary",0,"",""
"Amsdenoides","Amsdenoididae","Amsdenoides","solitary",4,"",""
"Multicarinophyllum","Amsdenoididae","Multicarinophyllum","solitary",1,"",""
"Anisophyllum","Anisophyllidae","Anisophyllum","solitary",3,"",""
"Fasciculophyllum","Antiphyllidae","Fasciculophyllum","solitary",85,"",""
"Rotiphyllum","Antiphyllidae","Rotiphyllum","solitary",68,"",""
"Bradyphyllum","Antiphyllidae","Bradyphyllum","solitary",34,"",""
"Lytvolasma","Antiphyllidae","Lytvolasma","solitary",18,"",""
"Actinophrentis","Antiphyllidae","Actinophrentis","solitary",11,"",""
"Sloveniaxon","Antiphyllidae","Sloveniaxon","solitary",11,"",""
"Claviphyllum","Antiphyllidae","Claviphyllum","solitary",8,"",""
"Clavilasma","Antiphyllidae","Clavilasma","solitary",0,"",""
"Pseudobradyphyllum","Antiphyllidae","Pseudobradyphyllum","solitary",0,"",""
"Pseudoclaviphyllum","Antiphyllidae","Pseudoclaviphyllum","solitary",0,"",""
"Aphrophyllum","Aphrophyllidae","Aphrophyllum","colonial",10,"",""
"Symplectophyllum","Aphrophyllidae","Symplectophyllum","solitary",8,"",""
"Merlewoodia","Aphrophyllidae","Merlewoodia","solitary",7,"",""
"Aphrophylloides","Aphrophyllidae","Aphrophylloides","colonial",1,"",""
"Coenaphrodia","Aphrophyllidae","Coenaphrodia","colonial",1,"",""
"Naoides","Aphrophyllidae","Naoides","solitary",1,"",""
"Nothaphrophyllum","Aphrophyllidae","Nothaphrophyllum","colonial",0,"",""
"Arachnophyllum","Arachnophyllidae","Arachnophyllum","colonial",33,"",""
"Chonophyllum","Arachnophyllidae","Chonophyllum","solitary",22,"",""
"Craterophyllum","Arachnophyllidae","Craterophyllum","solitary",7,"",""
"Idiophyllum","Arachnophyllidae","Idiophyllum","solitary",4,"",""
"Naos","Arachnophyllidae","Naos","solitary",2,"",""
"Angullophyllum","Arachnophyllidae","Angullophyllum","colonial",1,,"cerioid"
"Zenophila","Arachnophyllidae","Zenophila","colonial",1,"",""
"Ningqiangophyllum","Arachnophyllidae","Ningqiangophyllum","colonial",0,"",""
"Pseudomucophyllum","Arachnophyllidae","Pseudomucophyllum","solitary",0,"",""
"Werneckelasma","Arachnophyllidae","Werneckelasma","solitary",0,"",""
"Dibunophyllum","Aulophyllidae","Dibunophyllum","solitary",124,"",""
"Clisiophyllum","Aulophyllidae","Clisiophyllum","solitary",66,"",""
"Koninckophyllum","Aulophyllidae","Koninckophyllum","solitary",57,"",""
"Arachnolasma","Aulophyllidae","Arachnolasma","solitary",34,"",""
"Aulophyllum","Aulophyllidae","Aulophyllum","solitary",34,"",""
"Rylstonia","Aulophyllidae","Rylstonia","solitary",32,"",""
"Cyathoclisia","Aulophyllidae","Cyathoclisia","solitary",26,"",""
"Amygdalophyllum","Aulophyllidae","Amygdalophyllum","solitary",21,"",""
"Haplolasma","Aulophyllidae","Haplolasma","solitary",18,"",""
"Neokoninckophyllum","Aulophyllidae","Neokoninckophyllum","solitary",15,"",""
"Amandophyllum","Aulophyllidae","Amandophyllum","solitary",11,"",""
"Yuanophyllum","Aulophyllidae","Yuanophyllum","solitary",11,"",""
"Heritschioides","Aulophyllidae","Heritschioides","colonial",10,"",""
"Heterocaninia","Aulophyllidae","Heterocaninia","solitary",10,"",""
"Kueichouphyllum","Aulophyllidae","Kueichouphyllum","solitary",10,"",""
"Corwenia","Aulophyllidae","Corwenia","colonial",9,"",""
"Neoclisiophyllum","Aulophyllidae","Neoclisiophyllum","solitary",7,"",""
"Turbinatocaninia","Aulophyllidae","Turbinatocaninia","solitary",6,"",""
"Carruthersella","Aulophyllidae","Carruthersella","solitary",5,"",""
"Echigophyllum","Aulophyllidae","Echigophyllum","solitary",5,"",""
"Auloclisia","Aulophyllidae","Auloclisia","solitary",4,"",""
"Axoclisia","Aulophyllidae","Axoclisia","solitary",3,"",""
"Espielia","Aulophyllidae","Espielia","colonial",3,"Rodríguez, Sergio, and José Miguel Hernando. ""Description of Espielia columellata gen. and sp. nov.(Rugosa) from the Sierra del Castillo Unit (upper Viséan, Córdoba, SW Spain)."" Geobios 38.4 (2005): 553-561.","fasciculate"
"Yuanophylloides","Aulophyllidae","Yuanophylloides","solitary",3,"",""
"Arachnolasmella","Aulophyllidae","Arachnolasmella","solitary",2,"",""
"Caninostrotion","Aulophyllidae","Caninostrotion","colonial",2,"",""
"Sestrophyllum","Aulophyllidae","Sestrophyllum","solitary",2,"",""
"Spirophyllum","Aulophyllidae","Spirophyllum","solitary",2,"",""
"Arachniophyllum","Aulophyllidae","Arachniophyllum","solitary",1,"",""
"Delepinella","Aulophyllidae","Delepinella","",1,"",""
"Eostrotion","Aulophyllidae","Eostrotion","solitary",1,"",""
"Fedorowskiphyllum","Aulophyllidae","Fedorowskiphyllum","solitary",1,"https://geojournals.pgi.gov.pl/agp/article/viewFile/10332/8844","solitary"
"Nervophyllum","Aulophyllidae","Nervophyllum","solitary",1,"",""
"Yakovleviella","Aulophyllidae","Yakovleviella","solitary",1,"",""
"Berkhia","Aulophyllidae","Berkhia","solitary",0,"",""
"Biphyllum","Aulophyllidae","Biphyllum","solitary",0,"",""
"Copia","Aulophyllidae","Copia","colonial",0,"",""
"Cystilophophyllum","Aulophyllidae","Cystilophophyllum","solitary",0,"",""
"Diaschophyllum","Aulophyllidae","Diaschophyllum","solitary",0,"",""
"Faberolasma","Aulophyllidae","Faberolasma","solitary",0,"",""
"Katranophyllum","Aulophyllidae","Katranophyllum","solitary",0,"",""
"Kazachiphyllum","Aulophyllidae","Kazachiphyllum","solitary",0,"",""
"Koninckophylloides","Aulophyllidae","Koninckophylloides","colonial",0,"",""
"Kumpanophyllum","Aulophyllidae","Kumpanophyllum","solitary",0,"",""
"Lophophrentis","Aulophyllidae","Lophophrentis","solitary",0,"",""
"Nagatophyllum","Aulophyllidae","Nagatophyllum","colonial",0,"",""
"Orygmophyllum","Aulophyllidae","Orygmophyllum","solitary",0,"",""
"Rozkowskia","Aulophyllidae","Rozkowskia","solitary",0,,"solitary"
"Slimoniphyllum","Aulophyllidae","Slimoniphyllum","solitary",0,"",""
"Staurophyllum","Aulophyllidae","Staurophyllum","solitary",0,"",""
"Zakowia","Aulophyllidae","Zakowia","solitary",0,"",""
"Axophyllum","Axophyllidae","Axophyllum","solitary",67,"",""
"Gangamophyllum","Axophyllidae","Gangamophyllum","solitary",20,"",""
"Pareynia","Axophyllidae","Pareynia","solitary",3,"",""
"Howthia","Axophyllidae","Howthia","colonial",1,"https://doi.org/10.1016/j.palwor.2010.08.008","fasciculate"
"Tatjanophyllum","Axophyllidae","Tatjanophyllum","colonial",0,"",""
"Bethanyphyllum","Bethanyphyllidae","Bethanyphyllum","solitary",47,"",""
"Tortophyllum","Bethanyphyllidae","Tortophyllum","solitary",0,"",""
"Caninophyllum","Bothrophyllidae","Caninophyllum","solitary",66,"",""
"Bothrophyllum","Bothrophyllidae","Bothrophyllum","solitary",30,"",""
"Timania","Bothrophyllidae","Timania","solitary",30,"",""
"Gshelia","Bothrophyllidae","Gshelia","solitary",14,"",""
"Pseudotimania","Bothrophyllidae","Pseudotimania","solitary",7,"",""
"Bothroclisia","Bothrophyllidae","Bothroclisia","solitary",2,"",""
"Hornsundia","Bothrophyllidae","Hornsundia","solitary",2,"",""
"Siedleckia","Bothrophyllidae","Siedleckia","solitary",2,"",""
"Calmiussiphyllum","Bothrophyllidae","Calmiussiphyllum","solitary",1,"",""
"Caninella","Bothrophyllidae","Caninella","solitary",0,"",""
"Pararhizophyllum","Calceolidae","Pararhizophyllum","solitary",1,"inferred from: https://ro.uow.edu.au/cgi/viewcontent.cgi?article=2590&context=smhpapers",""
"Calostylis","Calostylidae","Calostylis","solitary",26,"",""
"Helminthidium","Calostylidae","Helminthidium","solitary",2,"",""
"Palaearaea","Calostylidae","Palaearaea","colonial",2,"",""
"Yohophyllum","Calostylidae","Yohophyllum","colonial",2,"",""
"Ningnanophyllum","Calostylidae","Ningnanophyllum","colonial",1,"",""
"Campophyllum","Campophyllidae","Campophyllum","solitary",22,"",""
"Centristela","Centristelidae","Centristela","colonial",2,"",""
"Temnophyllum","Charactophyllidae","Temnophyllum","solitary",161,"",""
"Spinophyllum","Charactophyllidae","Spinophyllum","solitary",29,"",""
"Chostophyllum","Charactophyllidae","Chostophyllum","solitary",26,"http://www.palaeodiversity.org/pdf/07/01Palaeodiversity_7-14_Abbasi_3.pdf",""
"Charactophyllum","Charactophyllidae","Charactophyllum","solitary",19,"",""
"Piceaphyllum","Charactophyllidae","Piceaphyllum","solitary",18,"inferred from: http://www.palaeodiversity.org/pdf/07/01Palaeodiversity_7-14_Abbasi_3.pdf",""
"Hunanophrentis","Charactophyllidae","Hunanophrentis","solitary",14,"",""
"Alaiophyllum","Charactophyllidae","Alaiophyllum","colonial",13,"",""
"Sinodisphyllum","Charactophyllidae","Sinodisphyllum","solitary",9,"",""
"Ceciliaphyllum","Charactophyllidae","Ceciliaphyllum","solitary",1,"inferred from: http://www.palaeodiversity.org/pdf/07/01Palaeodiversity_7-14_Abbasi_3.pdf",""
"Dokophyllum","Chonophyllidae","Dokophyllum","solitary",33,,"solitary"
"Fedorowskicyathus","Chonophyllidae","Fedorowskicyathus","solitary",4,,"solitary"
"Sinaxis","Chonophyllidae","Sinaxis","",2,"",""
"Diversophyllum","Chonophyllidae","Diversophyllum","",0,"",""
"Columnaria","Columnariidae","Columnaria","colonial",77,"",""
"Planetophyllum","Columnariidae","Planetophyllum","colonial",3,"",""
"Circumtextiphyllum","Columnariidae","Circumtextiphyllum","colonial",0,"",""
"Spasskyella","Columnariidae","Spasskyella","colonial",0,"",""
"Combophyllum","Combophyllidae","Combophyllum","solitary",5,"",""
"Complexophyllum","Complexophyllidae","Complexophyllum","",1,"",""
"Cothonion","Cothoniidae","Cothonion","",0,"",""
"Cyathaxonia","Cyathaxoniidae","Cyathaxonia","solitary",94,"",""
"Cyathocarinia","Cyathaxoniidae","Cyathocarinia","solitary",12,"",""
"Epiphanophyllum","Cyathaxoniidae","Epiphanophyllum","solitary",2,"",""
"Columnaxon","Cyathaxoniidae","Columnaxon","solitary",1,"",""
"Hamaraxonia","Cyathaxoniidae","Hamaraxonia","solitary",1,"",""
"Cyathaxonella","Cyathaxoniidae","Cyathaxonella","solitary",0,"",""
"Cyathophyllum","Cyathophyllidae","Cyathophyllum","both",116,,"Solitary, fasciculate or massive"
"Glossophyllum","Cyathophyllidae","Glossophyllum","solitary",19,"",""
"Mictophyllum","Cyathophyllidae","Mictophyllum","solitary",18,"",""
"Peripaedium","Cyathophyllidae","Peripaedium","both",13,,"Solitary, fasciculate or cerioid"
"Houershanophyllum","Cyathophyllidae","Houershanophyllum","solitary",9,"",""
"Moravophyllum","Cyathophyllidae","Moravophyllum","solitary",6,"",""
"Radiophyllum","Cyathophyllidae","Radiophyllum","both",4,,"Fasciculate or solitary"
"Commutatophyllum","Cyathophyllidae","Commutatophyllum","solitary",1,"",""
"Heterophaulactis","Cyathophyllidae","Heterophaulactis","solitary",1,"",""
"Loomberaphyllum","Cyathophyllidae","Loomberaphyllum","solitary",0,"",""
"Mansuyphyllum","Cyathophyllidae","Mansuyphyllum","solitary",0,"",""
"Qiannanophyllum","Cyathophyllidae","Qiannanophyllum","solitary",0,"",""
"Sterictophyllum","Cyathophyllidae","Sterictophyllum","solitary",0,"",""
"Caninia","Cyathopsidae","Caninia","solitary",253,"",""
"Siphonophyllia","Cyathopsidae","Siphonophyllia","solitary",47,"",""
"Pseudozaphrentoides","Cyathopsidae","Pseudozaphrentoides","solitary",41,,"Solitary, ?(and subcerioid)"
"Ferganophyllum","Cyathopsidae","Ferganophyllum","colonial",16,"https://doi.org/10.1144/SP450.13","colonial"
"Arctophyllum","Cyathopsidae","Arctophyllum","solitary",7,"",""
"Menophyllum","Cyathopsidae","Menophyllum","solitary",3,"",""
"Lublinophyllum","Cyathopsidae","Lublinophyllum","colonial",2,"",""
"Skolekophyllum","Cyathopsidae","Skolekophyllum","solitary",2,"",""
"Kakwiphyllum","Cyathopsidae","Kakwiphyllum","",1,"",""
"Melanophyllum","Cyathopsidae","Melanophyllum","solitary",1,"",""
"Preisingerella","Cyathopsidae","Preisingerella","",1,"",""
"Ruteha","Cyathopsidae","Ruteha","",1,"",""
"Crataniophyllum","Cyathopsidae","Crataniophyllum","solitary",0,"",""
"Dagmaraephyllum","Cyathopsidae","Dagmaraephyllum","solitary",0,"",""
"Kusbassophyllum","Cyathopsidae","Kusbassophyllum","colonial",0,"",""
"Lithodrumus","Cyathopsidae","Lithodrumus","",0,"",""
"Cystiphyllum","Cystiphyllidae","Cystiphyllum","solitary",204,"",""
"Cystiphylloides","Cystiphyllidae","Cystiphylloides","colonial",187,"",""
"Microplasma","Cystiphyllidae","Microplasma","colonial",51,"",""
"Lythophyllum","Cystiphyllidae","Lythophyllum","solitary",40,"",""
"Zonophyllum","Cystiphyllidae","Zonophyllum","solitary",33,"",""
"Edaphophyllum","Cystiphyllidae","Edaphophyllum","solitary",9,"",""
"Diplochone","Cystiphyllidae","Diplochone","solitary",8,"",""
"Asperophyllum","Cystiphyllidae","Asperophyllum","solitary",6,"",""
"Atopocystis","Cystiphyllidae","Atopocystis","solitary",5,"Pedder, Alan EH, and Michael A. Murphy. ""Emsian (Lower Devonian) Rugosa of Nevada: Revision of systematics and stratigraphic ranges, and reassessment of faunal provincialism."" Journal of Paleontology 78.5 (2004): 838-865.","solitary"
"Ceriocysta","Cystiphyllidae","Ceriocysta","colonial",3,"",""
"Holcocystis","Cystiphyllidae","Holcocystis","solitary",3,"Pedder, Alan EH, and Michael A. Murphy. ""Emsian (Lower Devonian) Rugosa of Nevada: Revision of systematics and stratigraphic ranges, and reassessment of faunal provincialism."" Journal of Paleontology 78.5 (2004): 838-865.","solitary"
"Mackenziephyllum","Cystiphyllidae","Mackenziephyllum","colonial",2,"",""
"Bucanophyllum","Cystiphyllidae","Bucanophyllum","solitary",1,"",""
"Coleophyllum","Cystiphyllidae","Coleophyllum","solitary",1,"",""
"Pseudodigonophyllum","Cystiphyllidae","Pseudodigonophyllum","solitary",1,"",""
"Digonoclisia","Cystiphyllidae","Digonoclisia","solitary",0,"",""
"Diffingia","Diffingiidae","Diffingia","solitary",47,"https://doi.org/10.1144/SP450.13","solitary"
"Turgidiffia","Diffingiidae","Turgidiffia","solitary",19,"https://doi.org/10.1144/SP450.13","solitary"
"Mesophyllum","Digonophyllidae","Mesophyllum","both",73,,"solitary or phaceloid"
"Digonophyllum","Digonophyllidae","Digonophyllum","solitary",29,"",""
"Cayugaea","Digonophyllidae","Cayugaea","solitary",6,"Stumm, Erwin Charles. ""Rugose corals of the Silica Formation (Middle Devonian) of northwestern Ohio and southeastern Michigan."" (1968).","Corallum subcylindroid to ceratoid"
"Stereophyllum","Digonophyllidae","Stereophyllum","solitary",1,"",""
"Paracystiphylloides","Digonophyllidae","Paracystiphylloides","solitary",0,"",""
"Parazonophyllum","Digonophyllidae","Parazonophyllum","solitary",0,"",""
"Disphyllum","Disphyllidae","Disphyllum","colonial",260,"",""
"Hexagonaria","Disphyllidae","Hexagonaria","colonial",200,"",""
"Argutastrea","Disphyllidae","Argutastrea","colonial",35,"",""
"Radiastraea","Disphyllidae","Radiastraea","colonial",19,"",""
"Pantophyllum","Disphyllidae","Pantophyllum","",16,"",""
"Asterobillingsia","Disphyllidae","Asterobillingsia","colonial",12,,"Astreoid to thamnasterioid"
"Haplothecia","Disphyllidae","Haplothecia","colonial",12,"",""
"Chalcidophyllum","Disphyllidae","Chalcidophyllum","solitary",11,"",""
"Gurievskiella","Disphyllidae","Gurievskiella","solitary",11,"",""
"Ceratophyllum","Disphyllidae","Ceratophyllum","solitary",10,"",""
"Hillastraea","Disphyllidae","Hillastraea","",9,"",""
"Utaratuia","Disphyllidae","Utaratuia","colonial",9,"",""
"Careophyllum","Disphyllidae","Careophyllum","",8,"",""
"Zelolasma","Disphyllidae","Zelolasma","colonial",8,"",""
"Aristophyllum","Disphyllidae","Aristophyllum","solitary",7,"",""
"Minussiella","Disphyllidae","Minussiella","colonial",7,"",""
"Pseudohexagonaria","Disphyllidae","Pseudohexagonaria","colonial",7,"Schröder, Stefan. ""Two insufficiently known rugose coral species of the Columnariinae Nicholson 1879 (Anthozoa, Rugosa) from the Schlüter collection (Middle Devonian, Rheinisches Schiefergebirge)."" Paläontologische Zeitschrift 74 (2001): 469-477. Subgenus of Argutastrea","cerioid"
"Spongonaria","Disphyllidae","Spongonaria","colonial",7,"",""
"Martinophyllum","Disphyllidae","Martinophyllum","colonial",5,"",""
"Disphyllia","Disphyllidae","Disphyllia","colonial",4,"",""
"Xystriphylloides","Disphyllidae","Xystriphylloides","colonial",4,"",""
"Exilifrons","Disphyllidae","Exilifrons","colonial",3,"",""
"Kunthia","Disphyllidae","Kunthia","solitary",3,"",""
"Noviphyllum","Disphyllidae","Noviphyllum","",3,"",""
"Amaraphyllum","Disphyllidae","Amaraphyllum","colonial",2,"",""
"Cantabriastraea","Disphyllidae","Cantabriastraea","colonial",2,"Schroder, S., and Francisco Soto. ""Lower Devonian [Emisian] rugose corals from the Cantabrian Mountains, Northern Spain."" Acta Palaeontologica Polonica 48.4 (2003).","Astreoid to thamnasterioid"
"Diffusolasma","Disphyllidae","Diffusolasma","",2,"",""
"Eoglossophyllum","Disphyllidae","Eoglossophyllum","solitary",2,"",""
"Marisastrum","Disphyllidae","Marisastrum","colonial",2,"",""
"Paradisphyllum","Disphyllidae","Paradisphyllum","colonial",2,"",""
"Breviseptophyllum","Disphyllidae","Breviseptophyllum","colonial",1,"",""
"Ivdelephyllum","Disphyllidae","Ivdelephyllum","colonial",1,"",""
"Tropidophyllum","Disphyllidae","Tropidophyllum","solitary",1,"",""
"Xystrigona","Disphyllidae","Xystrigona","colonial",1,"",""
"Aphraxonia","Disphyllidae","Aphraxonia","solitary",0,"",""
"Dushanophrentis","Disphyllidae","Dushanophrentis","solitary",0,"",""
"Hemiaulacophyllum","Disphyllidae","Hemiaulacophyllum","solitary",0,"",""
"Pseudocampophyllum","Disphyllidae","Pseudocampophyllum","",0,"",""
"Variseptophyllum","Disphyllidae","Variseptophyllum","colonial",0,"",""
"Ditoecholasma","Ditoecholasmatidae","Ditoecholasma","solitary",4,"",""
"Pararachnastraea","Durhaminidae","Pararachnastraea","colonial",67,"Stevens, Calvin H., and Paul Stone. ""New Permian durhaminid cerioid corals from east-central California."" Journal of Paleontology 83.6 (2009): 946-953.","cerioid"
"Durhamina","Durhaminidae","Durhamina","colonial",58,"",""
"Pseudocystophora","Durhaminidae","Pseudocystophora","colonial",20,"https://doi.org/10.1144/SP450.13","colonial"
"Sandolasma","Durhaminidae","Sandolasma","colonial",18,"https://doi.org/10.1144/SP450.13","colonial"
"Cordillerastraea","Durhaminidae","Cordillerastraea","colonial",12,"Stevens, Calvin H., and Paul Stone. ""New Permian durhaminid cerioid corals from east-central California."" Journal of Paleontology 83.6 (2009): 946-953.","cerioid"
"Iskutella","Durhaminidae","Iskutella","colonial",6,"https://doi.org/10.1144/SP450.1","colonial"
"Pamirophyllum","Durhaminidae","Pamirophyllum","colonial",6,"",""
"Malpaisia","Durhaminidae","Malpaisia","",1,"",""
"Minatoa","Durhaminidae","Minatoa","colonial",0,"",""
"Protodurhamina","Durhaminidae","Protodurhamina","colonial",0,"",""
"Tanbaella","Durhaminidae","Tanbaella","colonial",0,"",""
"Yabeiphyllum","Durhaminidae","Yabeiphyllum","colonial",0,"",""
"Faberophyllum","Ekvasophyllidae","Faberophyllum","solitary",58,"",""
"Ekvasophyllum","Ekvasophyllidae","Ekvasophyllum","solitary",57,"",""
"Turbophyllum","Ekvasophyllidae","Turbophyllum","solitary",5,"",""
"Zaphriphyllum","Ekvasophyllidae","Zaphriphyllum","solitary",4,"",""
"Endamplexus","Endamplexidae","Endamplexus","solitary",3,"",""
"Liauria","Endamplexidae","Liauria","solitary",1,"",""
"Spineria","Endamplexidae","Spineria","solitary",0,"",""
"Endophyllum","Endophyllidae","Endophyllum","colonial",28,"",""
"Iowaphyllum","Endophyllidae","Iowaphyllum","colonial",15,"",""
"Yassia","Endophyllidae","Yassia","colonial",11,"",""
"Sanidophyllum","Endophyllidae","Sanidophyllum","colonial",5,"",""
"Blysmatophyllum","Endophyllidae","Blysmatophyllum","colonial",4,"",""
"Neospongophylloides","Endophyllidae","Neospongophylloides","colonial",3,"",""
"Klamathastraea","Endophyllidae","Klamathastraea","colonial",2,,"cerioid"
"Cosjuvia","Endophyllidae","Cosjuvia","",1,"",""
"Grabauphyllum","Endophyllidae","Grabauphyllum","colonial",1,"",""
"Mictocystis","Endophyllidae","Mictocystis","colonial",1,"",""
"Endothecium","Endotheciidae","Endothecium","solitary",2,"",""
"Entelophyllum","Entelophyllidae","Entelophyllum","colonial",84,"",""
"Petrozium","Entelophyllidae","Petrozium","colonial",21,"",""
"Altaja","Entelophyllidae","Altaja","colonial",10,,"cerioid or fasciculate"
"Nanshanophyllum","Entelophyllidae","Nanshanophyllum","solitary",10,"",""
"Evenkiella","Entelophyllidae","Evenkiella","colonial",7,"",""
"Shensiphyllum","Entelophyllidae","Shensiphyllum","colonial",5,"",""
"Ramulophyllum","Entelophyllidae","Ramulophyllum","solitary",4,"",""
"Tenuiphyllum","Entelophyllidae","Tenuiphyllum","colonial",3,"",""
"Scyphophyllum","Entelophyllidae","Scyphophyllum","solitary",2,"",""
"Migmatophyllum","Entelophyllidae","Migmatophyllum","colonial",1,"",""
"Kysylagathophyllum","Entelophyllidae","Kysylagathophyllum","colonial",0,"",""
"Medinophyllum","Entelophyllidae","Medinophyllum","solitary",0,"",""
"Ornatophyllum","Entelophyllidae","Ornatophyllum","solitary",0,"",""
"Prohexagonaria","Entelophyllidae","Prohexagonaria","colonial",0,"",""
"Trachyphyllum","Entelophyllidae","Trachyphyllum","colonial",0,"",""
"Eridophyllum","Eridophyllidae","Eridophyllum","colonial",47,"",""
"Acinophyllum","Eridophyllidae","Acinophyllum","colonial",27,"",""
"Cylindrophyllum","Eridophyllidae","Cylindrophyllum","colonial",20,"",""
"Prismatophyllum","Eridophyllidae","Prismatophyllum","colonial",12,"",""
"Tipheophyllum","Eridophyllidae","Tipheophyllum","colonial",11,"",""
"Capnophyllum","Eridophyllidae","Capnophyllum","solitary",1,"",""
"Grewgiphyllum","Eridophyllidae","Grewgiphyllum","colonial",0,"",""
"Miculiella","Expressophyllidae","Miculiella","solitary",12,"",""
"Micula","Expressophyllidae","Micula","solitary",4,"",""
"Contortophyllum","Expressophyllidae","Contortophyllum","solitary",3,"",""
"Pseudopilophyllum","Expressophyllidae","Pseudopilophyllum","solitary",1,"",""
"Fasciphyllum","Fasciphyllidae","Fasciphyllum","colonial",36,"",""
"Vepresiphyllum","Fasciphyllidae","Vepresiphyllum","colonial",2,"",""
"Crista","Fasciphyllidae","Crista","colonial",0,"",""
"Fletcheria","Fletcheriidae","Fletcheria","colonial",26,"",""
"Parafletcheria","Fletcheriidae","Parafletcheria","colonial",0,"",""
"Amygdalophylloides","Geyerophyllidae","Amygdalophylloides","solitary",19,"",""
"Carinthiaphyllum","Geyerophyllidae","Carinthiaphyllum","both",13,,"Solitary ?(or fasciculate"
"Kionophyllum","Geyerophyllidae","Kionophyllum","solitary",6,"",""
"Liuzhaiphylloides","Geyerophyllidae","Liuzhaiphylloides","",4,"",""
"Axolithophyllum","Geyerophyllidae","Axolithophyllum","solitary",3,"",""
"Carniaphyllum","Geyerophyllidae","Carniaphyllum","solitary",1,"",""
"Darwasophyllum","Geyerophyllidae","Darwasophyllum","colonial",1,"",""
"Jintingophyllum","Geyerophyllidae","Jintingophyllum","colonial",1,"",""
"Liuzhaiphyllum","Geyerophyllidae","Liuzhaiphyllum","",1,"",""
"Lonsdaleoides","Geyerophyllidae","Lonsdaleoides","colonial",1,"",""
"Nothophyllum","Geyerophyllidae","Nothophyllum","",1,"",""
"Paracarruthersella","Geyerophyllidae","Paracarruthersella","",1,"",""
"Geyerophyllum","Geyerophyllidae","Geyerophyllum","solitary",0,"",""
"Rhizophyllum","Goniophyllidae","Rhizophyllum","solitary",73,"",""
"Calceola","Goniophyllidae","Calceola","solitary",64,"",""
"Goniophyllum","Goniophyllidae","Goniophyllum","solitary",6,"",""
"Rhizophylloides","Goniophyllidae","Rhizophylloides","solitary",2,"",""
"Araeopoma","Goniophyllidae","Araeopoma","solitary",1,"",""
"Protaeropoma","Goniophyllidae","Protaeropoma","solitary",0,"",""
"Rhytidophyllum","Goniophyllidae","Rhytidophyllum","solitary",0,"",""
"Teratophyllum","Goniophyllidae","Teratophyllum","solitary",0,"",""
"Microcyclus","Hadrophyllidae","Microcyclus","solitary",13,"",""
"Hadrophyllum","Hadrophyllidae","Hadrophyllum","solitary",4,"",""
"Crassicyclus","Hadrophyllidae","Crassicyclus","solitary",1,"",""
"Blothrophyllum","Halliidae","Blothrophyllum","solitary",22,"",""
"Papiliophyllum","Halliidae","Papiliophyllum","solitary",14,"",""
"Aulacophyllum","Halliidae","Aulacophyllum","solitary",13,"",""
"Odontophyllum","Halliidae","Odontophyllum","solitary",5,"",""
"Hallia","Halliidae","Hallia","solitary",1,"",""
"Aspasmophyllum","Halliidae","Aspasmophyllum","solitary",0,"",""
"Kobeha","Halliidae","Kobeha","solitary",0,"",""
"Phragmophyllum","Halliidae","Phragmophyllum","",0,"",""
"Stratiphyllum","Halliidae","Stratiphyllum","",0,"",""
"Amplexizaphrentis","Hapsiphyllidae","Amplexizaphrentis","solitary",132,"",""
"Zaphrentites","Hapsiphyllidae","Zaphrentites","solitary",119,"",""
"Euryphyllum","Hapsiphyllidae","Euryphyllum","solitary",68,"",""
"Neozaphrentis","Hapsiphyllidae","Neozaphrentis","solitary",53,"",""
"Allotropiophyllum","Hapsiphyllidae","Allotropiophyllum","solitary",35,"",""
"Canadiphyllum","Hapsiphyllidae","Canadiphyllum","solitary",34,"",""
"Hapsiphyllum","Hapsiphyllidae","Hapsiphyllum","solitary",28,"",""
"Allotropiochisma","Hapsiphyllidae","Allotropiochisma","solitary",16,"https://doi.org/10.1144/SP450.13","solitary"
"Falsiamplexus","Hapsiphyllidae","Falsiamplexus","solitary",12,"https://doi.org/10.1144/SP450.13","solitary"
"Barytichisma","Hapsiphyllidae","Barytichisma","solitary",8,"",""
"Monophyllum","Hapsiphyllidae","Monophyllum","solitary",7,"Under Rotiphyllum","solitary"
"Duplophyllum","Hapsiphyllidae","Duplophyllum","solitary",5,"",""
"Meniscophyllum","Hapsiphyllidae","Meniscophyllum","solitary",5,"",""
"Innixiphyllum","Hapsiphyllidae","Innixiphyllum","solitary",3,"Wang, Xiang-Dong, and Tetsuo Sugiyama. ""Middle Permian rugose corals from Laibin, Guangxi, South China."" Journal of Paleontology 75.4 (2001): 758-782.","solitary"
"Famennelasma","Hapsiphyllidae","Famennelasma","solitary",2,"",""
"Adradosia","Hapsiphyllidae","Adradosia","solitary",1,"",""
"Allophyllum","Hapsiphyllidae","Allophyllum","solitary",1,"",""
"Breviseptosia","Hapsiphyllidae","Breviseptosia","",1,"",""
"Longiclava","Hapsiphyllidae","Longiclava","solitary",1,"",""
"Clinophyllum","Hapsiphyllidae","Clinophyllum","solitary",0,"",""
"Zaphrentula","Hapsiphyllidae","Zaphrentula","colonial",0,"",""
"Hexaphyllia","Heterophylliidae","Hexaphyllia","solitary",18,,"no integration mentioned"
"Heterophyllia","Heterophylliidae","Heterophyllia","solitary",16,,"no integration mentioned"
"Oligophylloides","Heterophylliidae","Oligophylloides","solitary",8,,"no integration mentioned"
"Pseudopetraia","Heterophylliidae","Pseudopetraia","",1,"",""
"Holmophyllum","Holmophyllidae","Holmophyllum","solitary",47,"",""
"Nipponophyllum","Holmophyllidae","Nipponophyllum","colonial",9,"",""
"Mazaphyllum","Holmophyllidae","Mazaphyllum","colonial",3,"",""
"Cystiphorolites","Holmophyllidae","Cystiphorolites","colonial",1,"",""
"Labechiellata","Holmophyllidae","Labechiellata","",1,"",""
"Dendroholmia","Holmophyllidae","Dendroholmia","solitary",0,"",""
"Mesouralinia","Holmophyllidae","Mesouralinia","solitary",0,"",""
"Nodophyllum","Holmophyllidae","Nodophyllum","solitary",0,"",""
"Xiphelasma","Holmophyllidae","Xiphelasma","colonial",0,"",""
"Huadianophyllum","Huadianophyllidae","Huadianophyllum","",2,"",""
"Dialeptophyllum","Kakisaphyllidae","Dialeptophyllum","",1,"",""
"Kakisaphyllum","Kakisaphyllidae","Kakisaphyllum","",1,"",""
"Yokoyamaella","Kepingophyllidae","Yokoyamaella","colonial",19,,"Cerioid or in part thamnasterioid"
"Kepingophyllum","Kepingophyllidae","Kepingophyllum","colonial",11,"https://doi.org/10.1144/SP450.13","colonial"
"Nephelophyllum","Kepingophyllidae","Nephelophyllum","colonial",7,"",""
"Parawentzellophyllum","Kepingophyllidae","Parawentzellophyllum","colonial",6,"",""
"Anfractophyllum","Kepingophyllidae","Anfractophyllum","colonial",5,"https://doi.org/10.1144/SP450.13","colonial"
"Eokepingophyllum","Kepingophyllidae","Eokepingophyllum","colonial",3,"https://doi.org/10.1144/SP450.13","colonial"
"Dentilasma","Ketophyllidae","Dentilasma","both",23,,"solitary ?or weakly fasciculate"
"Tabularia","Ketophyllidae","Tabularia","solitary",9,"",""
"Chavsakia","Ketophyllidae","Chavsakia","solitary",5,"",""
"Heterolasma","Ketophyllidae","Heterolasma","solitary",1,"",""
"Ketophylloides","Ketophyllidae","Ketophylloides","colonial",0,"",""
"Nataliella","Ketophyllidae","Nataliella","solitary",0,"",""
"Kozlowskinia","Kielcephyllidae","Kozlowskinia","solitary",2,"",""
"Thecaxon","Kielcephyllidae","Thecaxon","solitary",1,"",""
"Kielcephyllum","Kielcephyllidae","Kielcephyllum","solitary",0,"",""
"Kizilia","Kiziliidae","Kizilia","solitary",7,"",""
"Melanophyllidium","Kiziliidae","Melanophyllidium","colonial",1,"",""
"Protowentzelella","Kleopatrinidae","Protowentzelella","colonial",93,"",""
"Kleopatrina","Kleopatrinidae","Kleopatrina","colonial",65,"",""
"Paraheritschioides","Kleopatrinidae","Paraheritschioides","colonial",57,"https://doi.org/10.1144/SP450.13","colonial"
"Fomichevella","Kleopatrinidae","Fomichevella","colonial",45,"",""
"Permastraea","Kleopatrinidae","Permastraea","colonial",35,"https://doi.org/10.1144/SP450.13","colonial"
"Heintzella","Kleopatrinidae","Heintzella","colonial",26,"",""
"Protolonsdaleiastraea","Kleopatrinidae","Protolonsdaleiastraea","colonial",24,"",""
"Wilsonastraea","Kleopatrinidae","Wilsonastraea","colonial",18,"https://doi.org/10.1144/SP450.13","colonial"
"Shastalasma","Kleopatrinidae","Shastalasma","colonial",8,"https://doi.org/10.1144/SP450.13","colonial"
"Langenheimia","Kleopatrinidae","Langenheimia","colonial",6,"https://doi.org/10.1144/SP450.13","colonial"
"Wendoverella","Kleopatrinidae","Wendoverella","colonial",5,"https://doi.org/10.1144/SP450.13","colonial"
"Kodonophyllum","Kodonophyllidae","Kodonophyllum","both",21,,"Solitary or weakly fasciculate"
"Pseudoblothrophyllum","Kodonophyllidae","Pseudoblothrophyllum","solitary",18,"",""
"Schlotheimophyllum","Kodonophyllidae","Schlotheimophyllum","solitary",11,,"solitary"
"Chlamydophyllum","Kodonophyllidae","Chlamydophyllum","solitary",8,"",""
"Circophyllum","Kodonophyllidae","Circophyllum","colonial",5,"",""
"Pilophyllia","Kodonophyllidae","Pilophyllia","solitary",3,"",""
"Carinophyllum","Kodonophyllidae","Carinophyllum","",2,"",""
"Cronyphyllum","Kodonophyllidae","Cronyphyllum","colonial",1,"",""
"Zelophyllia","Kodonophyllidae","Zelophyllia","solitary",1,"",""
"Bulvankeriphyllum","Kodonophyllidae","Bulvankeriphyllum","solitary",0,"",""
"Niajuphyllum","Kodonophyllidae","Niajuphyllum","colonial",0,"",""
"Sinochlamydophyllum","Kodonophyllidae","Sinochlamydophyllum","solitary",0,"",""
"Symphyphyllum","Kodonophyllidae","Symphyphyllum","solitary",0,"",""
"Koninckocarinia","Koninckocariniidae","Koninckocarinia","solitary",6,"",""
"Tabulophyllum","Kyphophyllidae","Tabulophyllum","solitary",153,"",""
"Smithiphyllum","Kyphophyllidae","Smithiphyllum","colonial",99,"",""
"Neokyphophyllum","Kyphophyllidae","Neokyphophyllum","solitary",35,,"solitary"
"Strombodes","Kyphophyllidae","Strombodes","colonial",27,"",""
"Donacophyllum","Kyphophyllidae","Donacophyllum","colonial",20,,"phaceloid"
"Bouvierphyllum","Kyphophyllidae","Bouvierphyllum","",19,"",""
"Tarphyphyllum","Kyphophyllidae","Tarphyphyllum","both",17,"inferred from; Schroder, S., and Francisco Soto. ""Lower Devonian [Emisian] rugose corals from the Cantabrian Mountains, Northern Spain."" Acta Palaeontologica Polonica 48.4 (2003).","solitary or weakly fasciculate"
"Wapitiphyllum","Kyphophyllidae","Wapitiphyllum","colonial",10,"Coen-Aubert, M. ""Description de deux espèces de Wapitiphyllum McLEAN, RA et PEDDER, AEH, 1984 récoltées dans le Frasnien de Huccorgne, au bord nord du Bassin de Namur."" Bulletin van het Koninklijk Belgisch Instituut voor Natuurwetenschappen. Aardwetenschappen= Bulletin de l'Institut Royal des Sciences Naturelles de Belgique. Sciences de la Terre (1986).","massifs à subfasciculés, cérioïdes"
"Parasmithiphyllum","Kyphophyllidae","Parasmithiphyllum","colonial",6,"inferred from: Hubmann, Bernhard. ""Die Korallenfauna aus dem Devon von Feke (Antitaurus, SE-Türkei). II. Rugosa."" Geologisch-Paläontologische Mitteilungen Innsbruck 18 (1992): 151-169.",""
"Mikkwaphyllum","Kyphophyllidae","Mikkwaphyllum","",4,"",""
"Pseudoendophyllum","Kyphophyllidae","Pseudoendophyllum","colonial",3,"inferred from: BERKOwski, BLA?EJ. ""Famennian colonial Rugosa from southern Poland: recovery and extinction."" Bulletin of the Tohoku University Museum 1 (2001): 285-290.","colonial"
"Maikottaphyllum","Kyphophyllidae","Maikottaphyllum","solitary",1,"",""
"Plectophyllum","Kyphophyllidae","Plectophyllum","",1,"",""
"Wintunastraea","Kyphophyllidae","Wintunastraea","colonial",1,"",""
"Entelophylloides","Kyphophyllidae","Entelophylloides","",0,"",""
"Pilophylloides","Kyphophyllidae","Pilophylloides","solitary",0,"",""
"Syringaxon","Laccophyllidae","Syringaxon","solitary",72,"",""
"Amplexocarinia","Laccophyllidae","Amplexocarinia","solitary",68,"",""
"Barrandeophyllum","Laccophyllidae","Barrandeophyllum","solitary",24,"",""
"Neaxon","Laccophyllidae","Neaxon","solitary",17,"",""
"Trochophyllum","Laccophyllidae","Trochophyllum","solitary",14,"",""
"Nalivkinella","Laccophyllidae","Nalivkinella","solitary",9,"",""
"Catactotoechus","Laccophyllidae","Catactotoechus","solitary",7,"",""
"Kabakovitchiella","Laccophyllidae","Kabakovitchiella","solitary",7,"",""
"Guerichiphyllum","Laccophyllidae","Guerichiphyllum","solitary",6,"",""
"Metrionaxon","Laccophyllidae","Metrionaxon","solitary",6,"",""
"Gorizdronia","Laccophyllidae","Gorizdronia","solitary",4,"",""
"Paralleynia","Laccophyllidae","Paralleynia","solitary",4,,"conical"
"Laccophyllum","Laccophyllidae","Laccophyllum","solitary",3,"",""
"Nicholsoniella","Laccophyllidae","Nicholsoniella","solitary",2,"",""
"Taralasma","Laccophyllidae","Taralasma","solitary",2,"",""
"Alleynia","Laccophyllidae","Alleynia","solitary",1,"",""
"Circellia","Laccophyllidae","Circellia","",1,"",""
"Czarnockia","Laccophyllidae","Czarnockia","solitary",1,"",""
"Friedbergia","Laccophyllidae","Friedbergia","solitary",1,"",""
"Saucrophyllum","Laccophyllidae","Saucrophyllum","solitary",1,"",""
"Schindewolfia","Laccophyllidae","Schindewolfia","",1,"",""
"Sutherlandinia","Laccophyllidae","Sutherlandinia","solitary",1,"",""
"Bitraria","Laccophyllidae","Bitraria","solitary",0,"",""
"Boolelasma","Laccophyllidae","Boolelasma","solitary",0,"",""
"Hillaxon","Laccophyllidae","Hillaxon","",0,"",""
"Neaxonella","Laccophyllidae","Neaxonella","solitary",0,"",""
"Pedderelasma","Laccophyllidae","Pedderelasma","solitary",0,"",""
"Retiophyllum","Laccophyllidae","Retiophyllum","solitary",0,"",""
"Lambeophyllum","Lambelasmatidae","Lambeophyllum","solitary",31,"",""
"Lambelasma","Lambelasmatidae","Lambelasma","solitary",4,"",""
"Coelolasma","Lambelasmatidae","Coelolasma","solitary",0,"",""
"Coelostylis","Lambelasmatidae","Coelostylis","solitary",0,"",""
"Dybowskinia","Lambelasmatidae","Dybowskinia","solitary",0,"",""
"Estonielasma","Lambelasmatidae","Estonielasma","",0,"",""
"Prototryplasma","Lambelasmatidae","Prototryplasma","",0,"",""
"Sogdianophyllum","Lambelasmatidae","Sogdianophyllum","colonial",0,"",""
"Lindstroemia","Lindstroemiidae","Lindstroemia","solitary",17,"",""
"Lithostrotion","Lithostrotionidae","Lithostrotion","colonial",228,"",""
"Siphonodendron","Lithostrotionidae","Siphonodendron","colonial",206,"",""
"Diphyphyllum","Lithostrotionidae","Diphyphyllum","colonial",95,"",""
"Tschussovskenia","Lithostrotionidae","Tschussovskenia","colonial",44,"https://doi.org/10.1144/SP450.13","colonial"
"Stelechophyllum","Lithostrotionidae","Stelechophyllum","colonial",18,"",""
"Aulina","Lithostrotionidae","Aulina","colonial",15,"",""
"Orionastraea","Lithostrotionidae","Orionastraea","colonial",11,"",""
"Aulokoninckophyllum","Lithostrotionidae","Aulokoninckophyllum","both",7,,"Solitary, or rarely weakly fasciculate"
"Dorlodotia","Lithostrotionidae","Dorlodotia","colonial",7,"",""
"Sciophyllum","Lithostrotionidae","Sciophyllum","colonial",6,"",""
"Tizraia","Lithostrotionidae","Tizraia","colonial",5,"Said, Ismail, and Sergio Rodríguez. ""A new genus of coral (Rugosa) from the Adarouch area (Brigantian, NE Central Morocco)."" (2007).","Fasciculate"
"Solenodendron","Lithostrotionidae","Solenodendron","colonial",4,"",""
"Corphalia","Lithostrotionidae","Corphalia","solitary",3,"",""
"Pseudodorlodotia","Lithostrotionidae","Pseudodorlodotia","colonial",3,"",""
"Stylastraea","Lithostrotionidae","Stylastraea","colonial",3,,"cerioid"
"Akiyosiphyllum","Lithostrotionidae","Akiyosiphyllum","colonial",2,"",""
"Cionodendron","Lithostrotionidae","Cionodendron","colonial",1,"",""
"Heterostrotion","Lithostrotionidae","Heterostrotion","",1,"",""
"Nemistium","Lithostrotionidae","Nemistium","colonial",1,"",""
"Schoenophyllum","Lithostrotionidae","Schoenophyllum","colonial",1,"",""
"Aulostylus","Lithostrotionidae","Aulostylus","colonial",0,"",""
"Chonaxis","Lithostrotionidae","Chonaxis","colonial",0,"",""
"Cionodendrom","Lithostrotionidae","Cionodendrom","",0,"",""
"Eastonoides","Lithostrotionidae","Eastonoides","colonial",0,"",""
"Kwangsiphyllum","Lithostrotionidae","Kwangsiphyllum","colonial",0,"",""
"Opiphyllum","Lithostrotionidae","Opiphyllum","colonial",0,"",""
"Paraaulina","Lithostrotionidae","Paraaulina","solitary",0,"",""
"Vesiculotubus","Lithostrotionidae","Vesiculotubus","colonial",0,"",""
"Lonsdaleia","Lonsdaleiidae","Lonsdaleia","colonial",63,"",""
"Thysanophyllum","Lonsdaleiidae","Thysanophyllum","colonial",12,"",""
"Stereostylus","Lophophyllidae","Stereostylus","solitary",25,"",""
"Lophophyllum","Lophophyllidae","Lophophyllum","solitary",23,"",""
"Lophamplexus","Lophophyllidae","Lophamplexus","solitary",17,"",""
"Sugiyamaella","Lophophyllidae","Sugiyamaella","solitary",3,"",""
"Lophophyllidium","Lophophyllidiidae","Lophophyllidium","solitary",445,"",""
"Lophocarinophyllum","Lophophyllidiidae","Lophocarinophyllum","solitary",49,"",""
"Pseudowannerophyllum","Lophophyllidiidae","Pseudowannerophyllum","solitary",11,"",""
"LophophyIlidium","Lophophyllidiidae","LophophyIlidium","solitary",6,,"solitary"
"Paraduplophyllum","Lophotichiidae","Paraduplophyllum","solitary",73,"https://doi.org/10.1144/SP450.13","solitary"
"Assimulia","Lophotichiidae","Assimulia","solitary",62,"https://doi.org/10.1144/SP450.13","solitary"
"Lophotichium","Lophotichiidae","Lophotichium","solitary",36,"",""
"Phaulactis","Lykophyllidae","Phaulactis","solitary",71,"",""
"Pycnactis","Lykophyllidae","Pycnactis","solitary",20,"",""
"Plasmophyllum","Lykophyllidae","Plasmophyllum","solitary",17,"",""
"Holophragma","Lykophyllidae","Holophragma","solitary",14,"",""
"Neocystiphyllum","Lykophyllidae","Neocystiphyllum","solitary",14,"",""
"Pseudophaulactis","Lykophyllidae","Pseudophaulactis","solitary",4,"",""
"Reimanophyllum","Lykophyllidae","Reimanophyllum","colonial",4,"",""
"Rukhinia","Lykophyllidae","Rukhinia","solitary",4,"",""
"Ryderophyllum","Lykophyllidae","Ryderophyllum","solitary",4,"",""
"Camurophyllum","Lykophyllidae","Camurophyllum","solitary",2,"",""
"Strephophyllum","Lykophyllidae","Strephophyllum","colonial",2,"",""
"Onychophyllum","Lykophyllidae","Onychophyllum","solitary",1,"",""
"Hercophyllum","Lykophyllidae","Hercophyllum","solitary",0,"",""
"Pseudocystiphyllum","Lykophyllidae","Pseudocystiphyllum","solitary",0,"",""
"Sverigophyllum","Lykophyllidae","Sverigophyllum","solitary",0,"",""
"Svetlania","Lykophyllidae","Svetlania","solitary",0,"",""
"Zeravschania","Lykophyllidae","Zeravschania","solitary",0,"",""
"Metriophyllum","Metriophyllidae","Metriophyllum","solitary",48,"",""
"Asserculinia","Metriophyllidae","Asserculinia","solitary",17,"",""
"Duncanella","Metriophyllidae","Duncanella","solitary",5,"",""
"Metrioplexus","Metriophyllidae","Metrioplexus","solitary",4,"",""
"Buschophyllum","Metriophyllidae","Buschophyllum","solitary",1,"",""
"Petronella","Metriophyllidae","Petronella","solitary",1,"",""
"Antiphyllum","Metriophyllidae","Antiphyllum","solitary",0,"",""
"Centrocellulosum","Metriophyllidae","Centrocellulosum","solitary",0,"",""
"Disophyllum","Metriophyllidae","Disophyllum","solitary",0,"",""
"Pseudamplexus","Mucophyllidae","Pseudamplexus","solitary",70,"",""
"Amplexoides","Mucophyllidae","Amplexoides","solitary",34,"",""
"Mucophyllum","Mucophyllidae","Mucophyllum","solitary",30,"",""
"Stylopleura","Mucophyllidae","Stylopleura","colonial",16,"",""
"Pseudotryplasma","Mucophyllidae","Pseudotryplasma","solitary",7,"",""
"Briantia","Mucophyllidae","Briantia","solitary",2,"",""
"Kungejophyllum","Mucophyllidae","Kungejophyllum","solitary",1,"",""
"Pseudamplexophyllum","Mucophyllidae","Pseudamplexophyllum","colonial",0,"",""
"Neocolumnaria","Neocolumnariidae","Neocolumnaria","colonial",1,"",""
"Palaeocyclus","Palaeocyclidae","Palaeocyclus","solitary",21,"",""
"Rhabdocyclus","Palaeocyclidae","Rhabdocyclus","solitary",20,"",""
"Primitophyllum","Palaeocyclidae","Primitophyllum","solitary",2,"",""
"Bojocyclus","Palaeocyclidae","Bojocyclus","solitary",0,"",""
"Palaeosmilia","Palaeosmiliidae","Palaeosmilia","both",103,,"solitary, ?fasciculate"
"Palastraea","Palaeosmiliidae","Palastraea","colonial",11,"",""
"Qinghaiphyllum","Palaeosmiliidae","Qinghaiphyllum","solitary",0,"",""
"Acanthocyclus","Paleocyclidae","Acanthocyclus","",2,"",""
"Paleocyclus","Paleocyclidae","Paleocyclus","",2,"",""
"Paliphyllum","Paliphyllidae","Paliphyllum","solitary",22,"",""
"Neopaliphyllum","Paliphyllidae","Neopaliphyllum","solitary",3,"",""
"Cystipaliphyllum","Paliphyllidae","Cystipaliphyllum","solitary",1,"",""
"Protocyathactis","Paliphyllidae","Protocyathactis","solitary",1,"",""
"Gissarophyllum","Paliphyllidae","Gissarophyllum","solitary",0,"",""
"Protoramulophyllum","Paliphyllidae","Protoramulophyllum","solitary",0,"",""
"Sumsarophyllum","Paliphyllidae","Sumsarophyllum","solitary",0,"",""
"Pentaphyllum","Pentaphyllidae","Pentaphyllum","solitary",173,"",""
"Tachylasma","Pentaphyllidae","Tachylasma","solitary",76,"",""
"Cystelasma","Pentaphyllidae","Cystelasma","solitary",4,"",""
"Pentamplexus","Pentaphyllidae","Pentamplexus","solitary",4,"",""
"Carinotachylasma","Pentaphyllidae","Carinotachylasma","solitary",1,"",""
"Oligophyllum","Pentaphyllidae","Oligophyllum","solitary",1,"",""
"Antikinkaidia","Pentaphyllidae","Antikinkaidia","solitary",0,"",""
"Commutia","Pentaphyllidae","Commutia","solitary",0,"",""
"Dalnia","Pentaphyllidae","Dalnia","solitary",0,"",""
"Petalaxis","Petalaxidae","Petalaxis","colonial",100,"",""
"Lithostrotionella","Petalaxidae","Lithostrotionella","colonial",34,"",""
"Lytvophyllum","Petalaxidae","Lytvophyllum","colonial",18,"",""
"Ivanovia","Petalaxidae","Ivanovia","colonial",16,"",""
"Cystolonsdaleia","Petalaxidae","Cystolonsdaleia","colonial",15,"",""
"Antheria","Petalaxidae","Antheria","colonial",5,"",""
"Protoivanovia","Petalaxidae","Protoivanovia","colonial",4,"",""
"Paralithostrotion","Petalaxidae","Paralithostrotion","colonial",2,"",""
"Omaniphyllum","Petalaxidae","Omaniphyllum","colonial",1,"",""
"Huanglongophyllum","Petalaxidae","Huanglongophyllum","colonial",0,"",""
"Petraia","Petraiidae","Petraia","solitary",5,"",""
"Haptophyllum","Petraiidae","Haptophyllum","solitary",1,"",""
"Petraiella","Petraiidae","Petraiella","solitary",0,"",""
"Protozaphrentis","Petraiidae","Protozaphrentis","solitary",0,"",""
"Petraphyllum","Petraphyllidae","Petraphyllum","",2,"",""
"Phillipsastrea","Phillipsastreidae","Phillipsastrea","colonial",183,"",""
"Thamnophyllum","Phillipsastreidae","Thamnophyllum","colonial",141,"",""
"Pterorrhiza","Phillipsastreidae","Pterorrhiza","solitary",117,,"solitary"
"Frechastraea","Phillipsastreidae","Frechastraea","colonial",76,"",""
"Peneckiella","Phillipsastreidae","Peneckiella","colonial",72,"",""
"Philippastrea","Phillipsastreidae","Philippastrea","colonial",63,,"Thamnasterioid or in places astreoid or aphroid"
"Phacellophyllum","Phillipsastreidae","Phacellophyllum","colonial",23,"",""
"Chuanbeiphyllum","Phillipsastreidae","Chuanbeiphyllum","colonial",15,,"Thamnasterioid or in places astreoid or aphroid"
"Scruttonia","Phillipsastreidae","Scruttonia","colonial",15,"",""
"Kuangxiastraea","Phillipsastreidae","Kuangxiastraea","colonial",7,"Errenst, Christoph. Koloniebildende Phillipsastreidae und Hexagonariinae aus dem Givetium des Messinghäuser Sattels und vom Südrand des Briloner Massenkalkes (nordöstliches Sauerland). Landschaftsverband Westfalen-Lippe, 1993.","subthamnasterioid"
"Trapezophyllum","Phillipsastreidae","Trapezophyllum","colonial",7,"",""
"Farabophyllum","Phillipsastreidae","Farabophyllum","colonial",6,"",""
"Smithicyathus","Phillipsastreidae","Smithicyathus","colonial",5,,"Thamnasterioid or in places astreoid or aphroid"
"Protomacgeea","Phillipsastreidae","Protomacgeea","solitary",3,"",""
"Pseudopexiphyllum","Phillipsastreidae","Pseudopexiphyllum","",1,"",""
"Stellatophyllum","Phillipsastreidae","Stellatophyllum","colonial",1,"",""
"Sulcorphyllum","Phillipsastreidae","Sulcorphyllum","colonial",1,"",""
"Bensonastraea","Phillipsastreidae","Bensonastraea","colonial",0,"",""
"Keriophylloides","Phillipsastreidae","Keriophylloides","colonial",0,"",""
"Sudetia","Phillipsastreidae","Sudetia","colonial",0,"",""
"Vestigiphyllum","Phillipsastreidae","Vestigiphyllum","colonial",0,"",""
"Plerodiffia","Plerodiffiidae","Plerodiffia","",2,"",""
"Ufimia","Plerophyllidae","Ufimia","solitary",93,"",""
"Paracaninia","Plerophyllidae","Paracaninia","solitary",52,"",""
"Plerophyllum","Plerophyllidae","Plerophyllum","solitary",44,"",""
"Pleramplexus","Plerophyllidae","Pleramplexus","solitary",7,"",""
"Wendticyathus","Plerophyllidae","Wendticyathus","solitary",1,"",""
"Barbarella","Plerophyllidae","Barbarella","solitary",0,"",""
"Barylasma","Plerophyllidae","Barylasma","solitary",0,"",""
"Baryphyllum","Plerophyllidae","Baryphyllum","solitary",0,"",""
"Calophyllum","Polycoeliidae","Calophyllum","solitary",79,"",""
"Sochkineophyllum","Polycoeliidae","Sochkineophyllum","solitary",22,"",""
"Hexalasma","Polycoeliidae","Hexalasma","solitary",5,"",""
"Prosmilia","Polycoeliidae","Prosmilia","solitary",4,"",""
"Fedorowskites","Polycoeliidae","Fedorowskites","solitary",3,"https://doi.org/10.1144/SP450.13","solitary"
"Huangophyllum","Polycoeliidae","Huangophyllum","solitary",3,"",""
"Cryptophyllum","Polycoeliidae","Cryptophyllum","",2,"",""
"Gerthia","Polycoeliidae","Gerthia","solitary",2,"",""
"Tetralasma","Polycoeliidae","Tetralasma","solitary",2,"",""
"Amandaraia","Polycoeliidae","Amandaraia","solitary",1,"",""
"Empodesma","Polycoeliidae","Empodesma","solitary",1,"",""
"Kinkaidia","Polycoeliidae","Kinkaidia","solitary",1,"",""
"Maichelasma","Polycoeliidae","Maichelasma","",1,"",""
"Pseudocryptophyllum","Polycoeliidae","Pseudocryptophyllum","solitary",1,"",""
"Svalbardphyllum","Polycoeliidae","Svalbardphyllum","solitary",1,"",""
"Calophylloides","Polycoeliidae","Calophylloides","colonial",0,"",""
"Groenlandophyllum","Polycoeliidae","Groenlandophyllum","solitary",0,"",""
"Pleophyllum","Polycoeliidae","Pleophyllum","solitary",0,"",""
"Stereocorypha","Polycoeliidae","Stereocorypha","solitary",0,"",""
"Cheilaxonia","Protozaphrentidae","Cheilaxonia","solitary",3,"Denayer, Julien, et al. ""Lower and Middle Famennian (Upper Devonian) rugose corals from southern Belgium and northern France."" Geologica Belgica 15.4 (2012).","solitary"
"Hamarophyllum","Protozaphrentidae","Hamarophyllum","",2,"",""
"Vesiculolasma","Protozaphrentidae","Vesiculolasma","",1,"",""
"Weyeraia","Protozaphrentidae","Weyeraia","",1,"",""
"Hiroshimaphyllum","Pseudopavonidae","Hiroshimaphyllum","colonial",8,"",""
"Taisyakuphyllum","Pseudopavonidae","Taisyakuphyllum","both",8,,"solitary or  fasciculate"
"Pseudopavona","Pseudopavonidae","Pseudopavona","colonial",7,"",""
"Ozakiphyllum","Pseudopavonidae","Ozakiphyllum","colonial",5,"",""
"Ibukiphyllum","Pseudopavonidae","Ibukiphyllum","colonial",1,"",""
"Omiphyllum","Pseudopavonidae","Omiphyllum","colonial",1,"",""
"Parapavona","Pseudopavonidae","Parapavona","",1,"",""
"Amygdalophyllidium","Pseudopavonidae","Amygdalophyllidium","solitary",0,"",""
"Acanthophyllum","Ptenophyllidae","Acanthophyllum","both",179,,"Solitary or weakly fasciculate"
"Grypophyllum","Ptenophyllidae","Grypophyllum","solitary",79,"",""
"Xystriphyllum","Ptenophyllidae","Xystriphyllum","colonial",71,"",""
"Lyrielasma","Ptenophyllidae","Lyrielasma","both",68,,"solitary to fasciculate"
"Dohmophyllum","Ptenophyllidae","Dohmophyllum","both",40,,"Solitary or weakly phaceloid"
"Neomphyma","Ptenophyllidae","Neomphyma","both",38,,"solitary or weakly fasciculate"
"Spongophylloides","Ptenophyllidae","Spongophylloides","solitary",37,"",""
"Australophyllum","Ptenophyllidae","Australophyllum","colonial",30,"",""
"Embolophyllum","Ptenophyllidae","Embolophyllum","colonial",22,"",""
"Taimyrophyllum","Ptenophyllidae","Taimyrophyllum","colonial",20,"",""
"Psydracophyllum","Ptenophyllidae","Psydracophyllum","colonial",9,"",""
"Aphroidophyllum","Ptenophyllidae","Aphroidophyllum","colonial",5,"",""
"Pseudochonophyllum","Ptenophyllidae","Pseudochonophyllum","solitary",5,"",""
"Shastaphyllum","Ptenophyllidae","Shastaphyllum","colonial",5,"",""
"Toquimaphyllum","Ptenophyllidae","Toquimaphyllum","colonial",5,"",""
"Ecnomiophyllum","Ptenophyllidae","Ecnomiophyllum","",4,"",""
"Pseudogrypophyllum","Ptenophyllidae","Pseudogrypophyllum","colonial",4,"",""
"Salairophyllum","Ptenophyllidae","Salairophyllum","solitary",4,"",""
"Tonkinaria","Ptenophyllidae","Tonkinaria","solitary",4,"",""
"Hankaxis","Ptenophyllidae","Hankaxis","solitary",3,"",""
"Redstonea","Ptenophyllidae","Redstonea","colonial",3,"",""
"Weissermelia","Ptenophyllidae","Weissermelia","colonial",3,"",""
"Acmophyllum","Ptenophyllidae","Acmophyllum","solitary",2,"",""
"Cymatelasma","Ptenophyllidae","Cymatelasma","solitary",2,"",""
"Gaynaphyllum","Ptenophyllidae","Gaynaphyllum","",1,"",""
"Gryphophyllum","Ptenophyllidae","Gryphophyllum","",1,"",""
"Laroonaphyllum","Ptenophyllidae","Laroonaphyllum","",1,"",""
"Cymatella","Ptenophyllidae","Cymatella","solitary",0,"",""
"Dubrovia","Ptenophyllidae","Dubrovia","solitary",0,"",""
"Eddastraea","Ptenophyllidae","Eddastraea","",0,"",""
"Hezhangophyllum","Ptenophyllidae","Hezhangophyllum","solitary",0,"",""
"Imennovia","Ptenophyllidae","Imennovia","colonial",0,"",""
"Paleogrypophyllum","Ptenophyllidae","Paleogrypophyllum","colonial",0,"",""
"Windelasma","Ptenophyllidae","Windelasma","colonial",0,"",""
"Cyathactis","Ptychophyllidae","Cyathactis","solitary",33,"",""
"Ptychophyllum","Ptychophyllidae","Ptychophyllum","solitary",33,"",""
"Implicophyllum","Ptychophyllidae","Implicophyllum","solitary",0,"",""
"Zelophyllum","Pycnostylidae","Zelophyllum","colonial",39,"",""
"Pycnostylus","Pycnostylidae","Pycnostylus","colonial",19,"",""
"Cyathopaedium","Pycnostylidae","Cyathopaedium","colonial",7,"",""
"Depasophyllum","Pycnostylidae","Depasophyllum","colonial",4,"",""
"Fletcherina","Pycnostylidae","Fletcherina","colonial",2,"",""
"Protopilophyllum","Pycnostylidae","Protopilophyllum","solitary",2,"",""
"Synamplexus","Pycnostylidae","Synamplexus","colonial",0,"",""
"Thecacristatus","Pycnostylidae","Thecacristatus","colonial",0,"",""
"Romanophyllum","Romanophyllidae","Romanophyllum","",0,"",""
"Siphonophrentis","Siphonophrentidae","Siphonophrentis","solitary",49,"",""
"Syvjuphyllum","Siphonophrentidae","Syvjuphyllum","",0,"",""
"Spongophyllum","Spongophyllidae","Spongophyllum","colonial",55,"",""
"Tawuphyllum","Spongophyllidae","Tawuphyllum","colonial",10,"",""
"Carlinastraea","Spongophyllidae","Carlinastraea","colonial",8,"",""
"Battersbyia","Spongophyllidae","Battersbyia","colonial",4,"",""
"Denayphyllum","Spongophyllidae","Denayphyllum","colonial",0,"",""
"Heterospongophyllum","Spongophyllidae","Heterospongophyllum","colonial",0,"",""
"Neovepresiphyllum","Spongophyllidae","Neovepresiphyllum","colonial",0,"",""
"Palaeophyllum","Stauriidae","Palaeophyllum","colonial",109,"",""
"Favistella","Stauriidae","Favistella","colonial",56,"",""
"Dendrostella","Stauriidae","Dendrostella","colonial",52,"",""
"Synaptophyllum","Stauriidae","Synaptophyllum","colonial",26,"",""
"Cyathophylloides","Stauriidae","Cyathophylloides","colonial",24,"",""
"Favistina","Stauriidae","Favistina","colonial",18,"",""
"Loyolophyllum","Stauriidae","Loyolophyllum","colonial",14,"",""
"Ceriaster","Stauriidae","Ceriaster","colonial",13,"",""
"Stauria","Stauriidae","Stauria","colonial",9,"",""
"Nadotia","Stauriidae","Nadotia","colonial",5,"",""
"Astrictophyllum","Stauriidae","Astrictophyllum","colonial",4,"",""
"Crenulites","Stauriidae","Crenulites","colonial",4,"",""
"Modesta","Stauriidae","Modesta","colonial",4,"",""
"Neotabularia","Stauriidae","Neotabularia","colonial",2,"",""
"Placophyllum","Stauriidae","Placophyllum","colonial",2,"",""
"Parastauria","Stauriidae","Parastauria","colonial",1,"",""
"Columnolasma","Stauriidae","Columnolasma","colonial",0,"",""
"Palaeoentelophyllum","Stauriidae","Palaeoentelophyllum","colonial",0,"",""
"Palaeolithostrotion","Stauriidae","Palaeolithostrotion","colonial",0,"",""
"Prisciturben","Stauriidae","Prisciturben","colonial",0,"",""
"Proterophyllum","Stauriidae","Proterophyllum","colonial",0,"",""
"Stauromatidium","Stauromatidiidae","Stauromatidium","",7,"",""
"Stereolasma","Stereolasmatidae","Stereolasma","solitary",111,"",""
"Amplexiphyllum","Stereolasmatidae","Amplexiphyllum","solitary",75,"",""
"Saleelasma","Stereolasmatidae","Saleelasma","solitary",5,,"solitary"
"Lopholasma","Stereolasmatidae","Lopholasma","solitary",2,"",""
"Stewartophyllum","Stereolasmatidae","Stewartophyllum","solitary",1,"",""
"Streptelasma","Streptelasmatidae","Streptelasma","solitary",455,"",""
"Grewingkia","Streptelasmatidae","Grewingkia","solitary",201,"",""
"Bighornia","Streptelasmatidae","Bighornia","solitary",83,"",""
"Enterolasma","Streptelasmatidae","Enterolasma","solitary",60,"",""
"Salvadorea","Streptelasmatidae","Salvadorea","solitary",49,"Elias, Robert J. ""Solitary rugose corals of the Upper Ordovician Montoya Group, southern New Mexico and westernmost Texas."" Journal of Paleontology 59.S16 (1985): 1-58.",""
"Helicelasma","Streptelasmatidae","Helicelasma","solitary",45,"",""
"Dinophyllum","Streptelasmatidae","Dinophyllum","solitary",44,"",""
"Crassilasma","Streptelasmatidae","Crassilasma","solitary",43,"",""
"Rhegmaphyllum","Streptelasmatidae","Rhegmaphyllum","solitary",43,"",""
"Deiracorallium","Streptelasmatidae","Deiracorallium","solitary",38,"",""
"Breviphrentis","Streptelasmatidae","Breviphrentis","solitary",37,"",""
"Asthenophyllum","Streptelasmatidae","Asthenophyllum","solitary",36,"",""
"Lobocorallium","Streptelasmatidae","Lobocorallium","solitary",35,"",""
"Bodophyllum","Streptelasmatidae","Bodophyllum","solitary",25,"",""
"Kenophyllum","Streptelasmatidae","Kenophyllum","solitary",25,"",""
"Leolasma","Streptelasmatidae","Leolasma","solitary",16,"",""
"Briantelasma","Streptelasmatidae","Briantelasma","solitary",15,"",""
"Dalmanophyllum","Streptelasmatidae","Dalmanophyllum","solitary",15,"",""
"Triplophyllum","Streptelasmatidae","Triplophyllum","solitary",11,"",""
"Eurogrewingkia","Streptelasmatidae","Eurogrewingkia","solitary",10,"Neuman, Björn EE. ""The new early Palaeozoic rugose coral genera Eurogrewingkia gen. nov. and Fosselasma gen. nov."" Proceedings of the Estonian Academy of Sciences (Geology). Vol. 52. 2003.","solitary"
"Rectigrewingkia","Streptelasmatidae","Rectigrewingkia","solitary",10,"",""
"Breviphyllum","Streptelasmatidae","Breviphyllum","solitary",9,"",""
"Altaiophyllum","Streptelasmatidae","Altaiophyllum","colonial",8,,"solitary"
"Altaiophyllum","Streptelasmatidae","Altaiophyllum","solitary",8,,"solitary"
"Borelasma","Streptelasmatidae","Borelasma","solitary",8,"",""
"Axolasma","Streptelasmatidae","Axolasma","solitary",6,"",""
"Densiphrentis","Streptelasmatidae","Densiphrentis","solitary",6,,"solitary"
"Fosselasma","Streptelasmatidae","Fosselasma","solitary",6,"Neuman, Björn EE. ""The new early Palaeozoic rugose coral genera Eurogrewingkia gen. nov. and Fosselasma gen. nov."" Proceedings of the Estonian Academy of Sciences (Geology). Vol. 52. 2003.","solitary"
"Homalophyllum","Streptelasmatidae","Homalophyllum","solitary",5,"",""
"Kionelasma","Streptelasmatidae","Kionelasma","solitary",5,"",""
"Neobrachyelasma","Streptelasmatidae","Neobrachyelasma","solitary",4,"",""
"Aknisophyllum","Streptelasmatidae","Aknisophyllum","solitary",3,"",""
"Ullernelasma","Streptelasmatidae","Ullernelasma","solitary",3,"",""
"Densigrewingkia","Streptelasmatidae","Densigrewingkia","solitary",2,"",""
"Paramplexoides","Streptelasmatidae","Paramplexoides","solitary",2,"",""
"Bowenelasma","Streptelasmatidae","Bowenelasma","solitary",1,"",""
"Compressiphyllum","Streptelasmatidae","Compressiphyllum","solitary",1,"",""
"Palaeocyathus","Streptelasmatidae","Palaeocyathus","solitary",1,"",""
"Porfirieviella","Streptelasmatidae","Porfirieviella","solitary",1,"",""
"Pterophrentis","Streptelasmatidae","Pterophrentis","solitary",1,"",""
"Pycnactoides","Streptelasmatidae","Pycnactoides","solitary",1,"",""
"Siphonolasma","Streptelasmatidae","Siphonolasma","solitary",1,"",""
"Angustiphyllum","Streptelasmatidae","Angustiphyllum","solitary",0,"",""
"Archaeozaphrentis","Streptelasmatidae","Archaeozaphrentis","solitary",0,"",""
"Axiphoria","Streptelasmatidae","Axiphoria","solitary",0,,""
"Kaljolasma","Streptelasmatidae","Kaljolasma","solitary",0,"",""
"Nevadaphyllum","Streptelasmatidae","Nevadaphyllum","solitary",0,"",""
"Ogilvilasma","Streptelasmatidae","Ogilvilasma","solitary",0,"",""
"Parabrachyelasma","Streptelasmatidae","Parabrachyelasma","colonial",0,"",""
"Paterophyllum","Streptelasmatidae","Paterophyllum","solitary",0,"",""
"Soshkinolites","Streptelasmatidae","Soshkinolites","solitary",0,"",""
"Tenuilasma","Streptelasmatidae","Tenuilasma","solitary",0,"",""
"Xenocyathellus","Streptelasmatidae","Xenocyathellus","solitary",0,"",""
"Stringophyllum","Stringophyllidae","Stringophyllum","solitary",86,"",""
"Sociophyllum","Stringophyllidae","Sociophyllum","colonial",48,"",""
"Solipetra","Stringophyllidae","Solipetra","solitary",6,"",""
"Sunophyllum","Stringophyllidae","Sunophyllum","solitary",5,"",""
"Parasociophyllum","Stringophyllidae","Parasociophyllum","colonial",1,"",""
"Melrosia","Stringophyllidae","Melrosia","colonial",0,"",""
"Timorphyllum","Timorphyllidae","Timorphyllum","solitary",18,"",""
"Timorocarinophyllum","Timorphyllidae","Timorocarinophyllum","solitary",13,"",""
"Pseudoverbeekiella","Timorphyllidae","Pseudoverbeekiella","solitary",4,"",""
"Tryplasma","Tryplasmatidae","Tryplasma","solitary",252,"",""
"Aphyllum","Tryplasmatidae","Aphyllum","colonial",47,"",""
"Porpites","Tryplasmatidae","Porpites","",26,"",""
"Hillophyllum","Tryplasmatidae","Hillophyllum","both",17,"",""
"Stortophyllum","Tryplasmatidae","Stortophyllum","solitary",11,"",""
"Stortophyllum","Tryplasmatidae","Stortophyllum","colonial",11,"",""
"Polyorophe","Tryplasmatidae","Polyorophe","solitary",4,"",""
"Cantrillia","Tryplasmatidae","Cantrillia","solitary",3,"",""
"Neotryplasma","Tryplasmatidae","Neotryplasma","solitary",3,"",""
"Bowanophyllum","Tryplasmatidae","Bowanophyllum","solitary",2,"",""
"Wenlockia","Tryplasmatidae","Wenlockia","colonial",2,"",""
"Maikottia","Tryplasmatidae","Maikottia","colonial",1,"",""
"Rhabdelasma","Tryplasmatidae","Rhabdelasma","solitary",1,"",""
"Vesiculophyllum","Uraliniidae","Vesiculophyllum","solitary",21,"",""
"Enygmophyllum","Uraliniidae","Enygmophyllum","solitary",7,"",""
"Keyserlingophyllum","Uraliniidae","Keyserlingophyllum","solitary",7,"",""
"Uralinia","Uraliniidae","Uralinia","solitary",4,"",""
"Cystophrentis","Uraliniidae","Cystophrentis","solitary",2,"",""
"Bifossularia","Uraliniidae","Bifossularia","solitary",1,"",""
"Liardiphyllum","Uraliniidae","Liardiphyllum","solitary",1,"",""
"Verbeekiella","Verbeekiellidae","Verbeekiella","solitary",52,"",""
"Wannerophyllum","Verbeekiellidae","Wannerophyllum","solitary",21,"",""
"Cravenia","Verbeekiellidae","Cravenia","solitary",8,"",""
"Leonardophyllum","Verbeekiellidae","Leonardophyllum","solitary",6,"",""
"Agarikophyllum","Verbeekiellidae","Agarikophyllum","solitary",1,"",""
"Zeliaphyllum","Verbeekiellidae","Zeliaphyllum","solitary",0,"",""
"Waagenophyllum","Waagenophyllidae","Waagenophyllum","colonial",217,"",""
"Polythecalis","Waagenophyllidae","Polythecalis","colonial",128,"",""
"Ipciphyllum","Waagenophyllidae","Ipciphyllum","colonial",121,"",""
"Wentzellophyllum","Waagenophyllidae","Wentzellophyllum","colonial",54,"https://doi.org/10.1144/SP450.13","colonial"
"Szechuanophyllum","Waagenophyllidae","Szechuanophyllum","colonial",49,"https://doi.org/10.1144/SP450.13","colonial"
"Pseudohuangia","Waagenophyllidae","Pseudohuangia","colonial",40,"",""
"Wentzelella","Waagenophyllidae","Wentzelella","colonial",37,"",""
"Iranophyllum","Waagenophyllidae","Iranophyllum","solitary",27,"",""
"Wentzelophyllum","Waagenophyllidae","Wentzelophyllum","colonial",26,"",""
"Parawentzelella","Waagenophyllidae","Parawentzelella","colonial",22,"",""
"Pseudocarniaphyllum","Waagenophyllidae","Pseudocarniaphyllum","solitary",18,"",""
"Paraipciphyllum","Waagenophyllidae","Paraipciphyllum","colonial",17,"",""
"Wentzelloides","Waagenophyllidae","Wentzelloides","colonial",17,"",""
"Lonsdaleiastraea","Waagenophyllidae","Lonsdaleiastraea","colonial",16,"",""
"Praewentzelella","Waagenophyllidae","Praewentzelella","colonial",15,"",""
"Thomasiphyllum","Waagenophyllidae","Thomasiphyllum","solitary",15,"",""
"Akagophyllum","Waagenophyllidae","Akagophyllum","colonial",13,"",""
"Pavastehphyllum","Waagenophyllidae","Pavastehphyllum","solitary",12,"",""
"Multimurinus","Waagenophyllidae","Multimurinus","colonial",10,"",""
"Pseudopolythecalis","Waagenophyllidae","Pseudopolythecalis","colonial",10,"",""
"Wentzelellites","Waagenophyllidae","Wentzelellites","colonial",10,"",""
"Chuanshanophyllum","Waagenophyllidae","Chuanshanophyllum","solitary",6,"under Pavastehphyllum (Pseudocarniaphyllum)","solitary"
"Miyagiella","Waagenophyllidae","Miyagiella","colonial",6,"",""
"Monothecalis","Waagenophyllidae","Monothecalis","colonial",6,"https://doi.org/10.1144/SP450.13","colonial"
"Heritschiella","Waagenophyllidae","Heritschiella","colonial",4,"",""
"Huangia","Waagenophyllidae","Huangia","colonial",4,"",""
"Xizangophyllum","Waagenophyllidae","Xizangophyllum","colonial",3,"https://doi.org/10.1144/SP450.13","colonial"
"Aridophyllum","Waagenophyllidae","Aridophyllum","",2,"",""
"Chihsiaphyllum","Waagenophyllidae","Chihsiaphyllum","",2,"",""
"Peiraphyllum","Waagenophyllidae","Peiraphyllum","",2,"",""
"Vesotabularia","Waagenophyllidae","Vesotabularia","",2,"",""
"Zhurihephyllum","Waagenophyllidae","Zhurihephyllum","",2,"",""
"Carinowaagenophyllum","Waagenophyllidae","Carinowaagenophyllum","",1,"",""
"Chombungia","Waagenophyllidae","Chombungia","",1,"",""
"Gyanyimaphyllum","Waagenophyllidae","Gyanyimaphyllum","",1,"",""
"Maoyingophyllum","Waagenophyllidae","Maoyingophyllum","",1,"",""
"Monsteraphyllum","Waagenophyllidae","Monsteraphyllum","",1,"",""
"Parairanophylloides","Waagenophyllidae","Parairanophylloides","",1,"",""
"Qinglongshanophyllum","Waagenophyllidae","Qinglongshanophyllum","",1,"",""
"Xainzaphyllum","Waagenophyllidae","Xainzaphyllum","",1,"",""
"Chielasma","Waagenophyllidae","Chielasma","solitary",0,"",""
"Houchangophyllum","Waagenophyllidae","Houchangophyllum","",0,"",""
"Symmetrites","Waagenophyllidae","Symmetrites","",0,"",""
"Yatsengia","Yatsengiidae","Yatsengia","colonial",70,"",""
"Lasmophyllum","Yatsengiidae","Lasmophyllum","",3,"",""
"Arachnastraea","Yatsengiidae","Arachnastraea","colonial",2,"",""
"Donophyllum","Yatsengiidae","Donophyllum","colonial",1,"",""
"Heliophyllum","Zaphrentidae","Heliophyllum","both",184,,"Solitary or weakly fasciculate ?(and astreoid"
"Zaphrenthis","Zaphrentidae","Zaphrenthis","solitary",131,"",""
"Phymatophyllum","Zaphrentidae","Phymatophyllum","solitary",2,"",""
"Aemulophyllum","Zaphrentidae","Aemulophyllum","solitary",1,"",""
"Cyathocylindrium","Zaphrentidae","Cyathocylindrium","colonial",1,"",""
"Sychnoelasma","Zaphrentoididae","Sychnoelasma","solitary",63,"",""
"Zaphrentoides","Zaphrentoididae","Zaphrentoides","solitary",22,"",""
"Homalophyllites","Zaphrentoididae","Homalophyllites","solitary",16,"",""
"Saharaphrentis","Zaphrentoididae","Saharaphrentis","solitary",2,"",""
"Ankhelasma","Zaphrentoididae","Ankhelasma","solitary",1,"",""
"Fasciculiamplexus","Zaphrentoididae","Fasciculiamplexus","solitary",1,"",""
"Basleophyllum","Zaphrentoididae","Basleophyllum","solitary",0,"",""
"Cumminsia","Zaphrentoididae","Cumminsia","solitary",0,"",""
"Dipterophyllum","Zaphrentoididae","Dipterophyllum","solitary",0,"",""
"Stummelasma",,"Stummelasma","",19,"",""
"Sutherlandia",,"Sutherlandia","solitary",8,,"no integration mentioned"
"Paraceriaster",,"Paraceriaster","colonial",6,"Wang, GuangXu, et al. ""Paleoecological associations of middle Llandovery (Silurian) corals from Huaying Mountain, eastern Sichuan Province."" Science China Earth Sciences 56 (2013): 640-646.","fasciculate"
"Praetachylasma",,"Praetachylasma","solitary",5,"https://doi.org/10.1144/SP450.13","solitary"
"Pseudoamplexus",,"Pseudoamplexus","solitary",5,"",""
"Asarcophyllum",,"Asarcophyllum","colonial",4,"Pedder, A. E. H. ""New and revised Lower Devonian Rugosa from western North America and Tasmania."" Journal of Paleontology (1998): 224-245.","fasciculate"
"Cuctienophyllum",,"Cuctienophyllum","",4,"",""
"Orthophyllum",,"Orthophyllum","solitary",4,"",""
"Agastophyllum",,"Agastophyllum","",3,"",""
"Cystihexagonaria",,"Cystihexagonaria","",3,"",""
"Duplocarinia",,"Duplocarinia","solitary",3,"https://doi.org/10.1144/SP450.13","solitary"
"Enallophrentis",,"Enallophrentis","",3,"",""
"Texturiphyllum",,"Texturiphyllum","",3,"",""
"Thryptophyllum",,"Thryptophyllum","",3,"",""
"Wexolina",,"Wexolina","",3,"",""
"Dinostrophinx",,"Dinostrophinx","",2,"",""
"Macgea",,"Macgea","",2,"",""
"Radiastrea",,"Radiastrea","",2,"",""
"Stellatophyl1um",,"Stellatophyl1um","colonial",2,,"cerioid"
"Stereodepasophyllum",,"Stereodepasophyllum","",2,"",""
"Xiangzhouphyllum",,"Xiangzhouphyllum","",2,"unknown in treatise",""
"Alinkioduncanella",,"Alinkioduncanella","",1,"",""
"Allotropiocarinophyllum",,"Allotropiocarinophyllum","",1,"",""
"Botrophyllum",,"Botrophyllum","",1,"",""
"Cardiaphyllum",,"Cardiaphyllum","",1,"",""
"Conilophyllum",,"Conilophyllum","",1,"",""
"Cystodactylon",,"Cystodactylon","",1,"",""
"Diversiphyllum",,"Diversiphyllum","",1,"",""
"Eastonastraea",,"Eastonastraea","",1,"",""
"Ellesmerelasma",,"Ellesmerelasma","",1,"",""
"Fedorowskiella",,"Fedorowskiella","",1,"",""
"Gaofengophyllum",,"Gaofengophyllum","",1,"",""
"Geyeronaotia",,"Geyeronaotia","",1,"",""
"Gudmania",,"Gudmania","",1,"",""
"Gymnophyllum",,"Gymnophyllum","solitary",1,"",""
"Joachimastraea",,"Joachimastraea","",1,"",""
"Lomaphyllum",,"Lomaphyllum","",1,"",""
"Mictocystoides",,"Mictocystoides","",1,"",""
"Nanophyllum",,"Nanophyllum","",1,"",""
"Neogrootia",,"Neogrootia","",1,"",""
"Parasiphonophyllia",,"Parasiphonophyllia","",1,"",""
"Parasunophyllum",,"Parasunophyllum","",1,"",""
"Parvaxon",,"Parvaxon","",1,"",""
"Peronophyllum",,"Peronophyllum","",1,"",""
"Puanophyllum",,"Puanophyllum","",1,"",""
"Rhytidolasma",,"Rhytidolasma","",1,"",""
"Sokoloviella",,"Sokoloviella","",1,"",""
"Solominella",,"Solominella","",1,"",""
"Stellaphyllia",,"Stellaphyllia","",1,"",""
"Timanophyllum",,"Timanophyllum","",1,"",""
"Trigonella",,"Trigonella","",1,"",""
"Turbinatocanina",,"Turbinatocanina","",1,"",""
"Veraephyllum",,"Veraephyllum","",1,"",""
"Volgerophyllum",,"Volgerophyllum","",1,"",""
"Weyerelasma",,"Weyerelasma","",1,"",""
"Yishanophyllum",,"Yishanophyllum","",1,"",""
"Zenophilia",,"Zenophilia","",1,"",""
"Acanthophillia",,"Acanthophillia","",0,"",""
"Accurganaxon",,"Accurganaxon","",0,"",""
"Adinophyllum",,"Adinophyllum","",0,"",""
"Anactolasma",,"Anactolasma","solitary",0,"Pedder, A. E. H. ""New and revised Lower Devonian Rugosa from western North America and Tasmania."" Journal of Paleontology (1998): 224-245.","solitary"
"Antracophyllum",,"Antracophyllum","",0,"",""
"Aphroelasma",,"Aphroelasma","",0,"",""
"Arcocyathus",,"Arcocyathus","",0,"",""
"Arcoplasma",,"Arcoplasma","",0,"",""
"Asterodisphyllum",,"Asterodisphyllum","",0,"",""
"Astraeophyllum",,"Astraeophyllum","colonial",0,"",""
"Asturiphyllum",,"Asturiphyllum","",0,"",""
"Aulostrotion",,"Aulostrotion","",0,"",""
"Axinura",,"Axinura","",0,"",""
"Axocricophyllum",,"Axocricophyllum","",0,"",""
"Barbouria",,"Barbouria","",0,"",""
"Bathybalva",,"Bathybalva","",0,"",""
"Belgradeophyllum",,"Belgradeophyllum","solitary",0,"",""
"Beogradophyllum",,"Beogradophyllum","solitary",0,"",""
"Brochiphyllum",,"Brochiphyllum","",0,"",""
"Calinastrea",,"Calinastrea","",0,"",""
"Campsactis",,"Campsactis","",0,"",""
"Cavilasma",,"Cavilasma","",0,"",""
"Cerioelasma",,"Cerioelasma","",0,"",""
"Ceriphyllum",,"Ceriphyllum","",0,"",""
"Ceristella",,"Ceristella","",0,"",""
"Changjianggouphyllum",,"Changjianggouphyllum","",0,"",""
"Charisphyllum",,"Charisphyllum","",0,"",""
"Choanoplasma",,"Choanoplasma","",0,"",""
"Complanophyllum",,"Complanophyllum","",0,"",""
"Crassophrentis",,"Crassophrentis","",0,"",""
"Crateniophyllum",,"Crateniophyllum","",0,"",""
"Crepidophyllia",,"Crepidophyllia","",0,"",""
"Curtastrum",,"Curtastrum","",0,"",""
"Cyanaphyllum",,"Cyanaphyllum","",0,"",""
"Cystocantrilla",,"Cystocantrilla","",0,"",""
"Cystolyrielasma",,"Cystolyrielasma","",0,"",""
"Cystostylus",,"Cystostylus","",0,"",""
"Cyttaroplasma",,"Cyttaroplasma","",0,"",""
"Dichophyllia",,"Dichophyllia","",0,"",""
"Dimelasma",,"Dimelasma","",0,"",""
"Duncania",,"Duncania","solitary",0,"",""
"Elasmophyllum",,"Elasmophyllum","solitary",0,"",""
"Ellipsocyathus",,"Ellipsocyathus","",0,"",""
"Entelophyllia",,"Entelophyllia","",0,"",""
"Ericina",,"Ericina","",0,"",""
"Exostega",,"Exostega","",0,"",""
"Famaxonia",,"Famaxonia","",0,"",""
"Fomichivella",,"Fomichivella","",0,"",""
"Fossaphyllia",,"Fossaphyllia","",0,"",""
"Fromeophyllum",,"Fromeophyllum","",0,"",""
"Fruehwirthia",,"Fruehwirthia","",0,"",""
"Gazimuria",,"Gazimuria","solitary",0,"",""
"Gorskyella",,"Gorskyella","",0,"",""
"Gubbera",,"Gubbera","",0,"",""
"Gurieuskiella",,"Gurieuskiella","",0,"",""
"Hapsizaphrentis",,"Hapsizaphrentis","",0,"",""
"Haptaphyllina",,"Haptaphyllina","",0,"",""
"Hebukophyllum",,"Hebukophyllum","",0,"",""
"Hezhouphyllum",,"Hezhouphyllum","",0,"",""
"Hinganastraea",,"Hinganastraea","",0,"",""
"Honggulosma",,"Honggulosma","",0,"",""
"Huananaxonia",,"Huananaxonia","",0,"",""
"Indiophyllum",,"Indiophyllum","",0,"",""
"Insoliphyllum",,"Insoliphyllum","colonial",0,"",""
"Ipsiphyllum",,"Ipsiphyllum","",0,"",""
"Jipaolasma",,"Jipaolasma","",0,"",""
"Keimanelasma",,"Keimanelasma","",0,"",""
"Kenelasma",,"Kenelasma","",0,"",""
"Koninckocarina",,"Koninckocarina","",0,"",""
"Kowalaephyllum",,"Kowalaephyllum","",0,"",""
"Kullmannophyllum",,"Kullmannophyllum","",0,"",""
"Lesliella",,"Lesliella","",0,"",""
"Leurelasma",,"Leurelasma","",0,"",""
"Litvolasma",,"Litvolasma","",0,"",""
"Longlinophyllia",,"Longlinophyllia","",0,"",""
"Lyliophyllum",,"Lyliophyllum","solitary",0,"",""
"Majiaobaphyllum",,"Majiaobaphyllum","",0,"",""
"Mecloudius",,"Mecloudius","",0,"",""
"Miroelasma",,"Miroelasma","",0,"",""
"Murphyphyllum",,"Murphyphyllum","solitary",0,"Pedder, A. E. H. ""New and revised Lower Devonian Rugosa from western North America and Tasmania."" Journal of Paleontology (1998): 224-245.","trocoid"
"Neepaliphyllum",,"Neepaliphyllum","",0,"",""
"Neoaspongophyllum",,"Neoaspongophyllum","",0,"",""
"Neocantrilla",,"Neocantrilla","",0,"",""
"Neoclissiophyllum",,"Neoclissiophyllum","",0,"",""
"Neokeyserlingophyllum",,"Neokeyserlingophyllum","",0,"",""
"Neopetrozium",,"Neopetrozium","",0,"",""
"Neostringophylloides",,"Neostringophylloides","",0,"",""
"Neotemnophyllum",,"Neotemnophyllum","",0,"",""
"Ninghuaphyllum",,"Ninghuaphyllum","",0,"",""
"Nordastrea",,"Nordastrea","",0,"",""
"Novichuskia",,"Novichuskia","",0,"",""
"Paracannia",,"Paracannia","",0,"",""
"Paracolumnaria",,"Paracolumnaria","",0,"",""
"Paradoxaphyllia",,"Paradoxaphyllia","",0,"",""
"Paramixogonaria",,"Paramixogonaria","",0,"",""
"Parasterophrentis",,"Parasterophrentis","",0,"",""
"Parathysanophyllum",,"Parathysanophyllum","",0,"",""
"Parazolophyllia",,"Parazolophyllia","",0,"",""
"Pentaphyllia",,"Pentaphyllia","",0,"",""
"Phacelloplasma",,"Phacelloplasma","",0,"",""
"Phineus",,"Phineus","solitary",0,"",""
"Pleurophyllum",,"Pleurophyllum","",0,"",""
"Polaroplasma",,"Polaroplasma","",0,"",""
"Poliphyllum",,"Poliphyllum","",0,"",""
"Polyadelphia",,"Polyadelphia","",0,"",""
"Polydilasma",,"Polydilasma","",0,"",""
"Polygonaria",,"Polygonaria","",0,"",""
"Polyrophe",,"Polyrophe","",0,"",""
"Polythecalloides",,"Polythecalloides","",0,"",""
"Pristiophyllia",,"Pristiophyllia","",0,"",""
"Protoaulacophyllum",,"Protoaulacophyllum","",0,"",""
"Protocaninia",,"Protocaninia","",0,"",""
"Protocarcinophyllum",,"Protocarcinophyllum","",0,"",""
"Protocyathophyllum",,"Protocyathophyllum","",0,"",""
"Protowentzellia",,"Protowentzellia","",0,"",""
"Pseudallotropiophyllum",,"Pseudallotropiophyllum","",0,"",""
"Pseudoamygdalophyllum",,"Pseudoamygdalophyllum","",0,"",""
"Pseudomicrocroplasma",,"Pseudomicrocroplasma","",0,"",""
"Pseudorhabdophyllum",,"Pseudorhabdophyllum","",0,"",""
"Qinlingophyllum",,"Qinlingophyllum","",0,"",""
"Quadratiphyllia",,"Quadratiphyllia","",0,"",""
"Rachaniephyllum",,"Rachaniephyllum","",0,"",""
"Radiciphyllia",,"Radiciphyllia","",0,"",""
"Reimanelasma",,"Reimanelasma","",0,"",""
"Rhipidophyllum",,"Rhipidophyllum","solitary",0,"",""
"Ridderia",,"Ridderia","solitary",0,"",""
"Rozkowskaella",,"Rozkowskaella","",0,"",""
"Schlueteriphylum",,"Schlueteriphylum","",0,"",""
"Schreteria",,"Schreteria","solitary",0,"",""
"Segdianophyllum",,"Segdianophyllum","",0,"",""
"Shansiphyllum",,"Shansiphyllum","",0,"",""
"Sigelophyllum",,"Sigelophyllum","",0,"",""
"Soetenia",,"Soetenia","",0,"",""
"Sphaerophyllum",,"Sphaerophyllum","",0,"",""
"Spissophyllum",,"Spissophyllum","",0,"",""
"Spongastraea",,"Spongastraea","",0,"",""
"Spongielasma",,"Spongielasma","",0,"",""
"Stegophyllum",,"Stegophyllum","",0,"",""
"Stereodespasophyllum",,"Stereodespasophyllum","",0,"",""
"Stereophrentis",,"Stereophrentis","",0,"",""
"Stilbophyllum",,"Stilbophyllum","",0,"",""
"Stringophylloides",,"Stringophylloides","",0,"",""
"Subutaratuia",,"Subutaratuia","",0,"",""
"Taiziheophyllum",,"Taiziheophyllum","",0,"",""
"Taruphyllum",,"Taruphyllum","",0,"",""
"Tetrafossularia",,"Tetrafossularia","",0,"",""
"Thololasma",,"Thololasma","",0,"",""
"Thoulelasma",,"Thoulelasma","",0,"",""
"Thuliocyclus",,"Thuliocyclus","",0,"",""
"Thuriantha",,"Thuriantha","",0,"",""
"Thyryptophyllum",,"Thyryptophyllum","",0,"",""
"Tjanshanophyllum",,"Tjanshanophyllum","",0,"",""
"Trachylasma",,"Trachylasma","",0,"",""
"Triphyllia",,"Triphyllia","",0,"",""
"Truncicarinulum",,"Truncicarinulum","",0,"",""
"Trypacystiphyllum",,"Trypacystiphyllum","",0,"",""
"Tumanophyllum",,"Tumanophyllum","",0,"",""
"Tumsucophyllum",,"Tumsucophyllum","",0,"",""
"Ulanophyllum",,"Ulanophyllum","",0,"",""
"Vepresisociophyllum",,"Vepresisociophyllum","",0,"",""
"Vischeria",,"Vischeria","colonial",0,"",""
"Vojnovskija",,"Vojnovskija","",0,"",""
"Weiningophyllum",,"Weiningophyllum","",0,"",""
"Wenxianophyllum",,"Wenxianophyllum","",0,"",""
"Yanbianophyllum",,"Yanbianophyllum","",0,"",""
"Yurievstiella",,"Yurievstiella","",0,"",""
"Zelocystiphyllum",,"Zelocystiphyllum","",0,"",""
"Zhushanophyllum",,"Zhushanophyllum","",0,"",""
